X,Y,OBJECTID,ID,ENFORCEMENT,ADDRESS,DISTRICT,WARD,ANC,PSA,SPEED,XCOORD,YCOORD,LOCATIONCODE,VENDOR,MAR_ADDRESS,MAR_ID
-77.0031871484084,38.9246075714677,108,48,SPEED SAFETY CAMERA,2600 blk Lincoln Road NE n/b,5,5,5E,502,25,399723.63000819,139636.94994629,9551,VM,2600 - 2899 BLOCK OF LINCOLN ROAD NE,801075
-76.9779840038524,38.9374410038758,109,51,SPEED SAFETY CAMERA,3900 blk South Dakota Ave NE se/b,5,5,5B,503/504,25,401908.75054289,141061.79690697,9557,VM,3900 - 3949 BLOCK OF SOUTH DAKOTA AVENUE NE,806707
-76.9779840038524,38.9374410038758,110,54,SPEED SAFETY CAMERA,3900 blk South Dakota Ave NE nw/b,5,5,5B,503/504,25,401908.75054289,141061.79690697,9561,VM,3900 - 3949 BLOCK OF SOUTH DAKOTA AVENUE NE,806707
-77.0319530321757,38.9170055783743,111,1,RED LIGHT SAFETY CAMERA,14th St s/b @ U St NW ,3,1/2,1B/2B,301/305,,397229.13001138,138792.67999823,12,VM,U STREET NW AND 14TH STREET NW,903573
-76.9218262336857,38.8897587673566,112,9,SPEED SAFETY CAMERA,5500 blk E Capitol St SE e/b,6,7,7C/7E,604/608,25,406784.91,135770.48,8607,Sensys,EAST CAPITOL STREET FROM 55TH STREET NE TO 56TH PLACE SE,808208
-77.014228413197,38.8998388931559,113,14,SPEED SAFETY CAMERA,3rd St Tunnel NW s/b by 3rd St,1,6,6E,101,25,398765.307,136886.649,9103,Sensys,,
-77.0140301329932,38.8997435816588,114,15,SPEED SAFETY CAMERA,3rd St Tunnel NW n/b by MA Ave,1,6,6E,101,25,398783.166,136885.326,9104,Sensys,,
-77.022394657679,38.9232666251403,115,27,SPEED SAFETY CAMERA,2500 blk Georgia Ave NW s/b,3,1,1B,304/306,25,398058.2,139487.72,9303,VM,GEORGIA AVENUE NW FROM HOWARD PLACE NW TO EUCLID STREET NW,802495
-77.0172318109539,38.9122388076604,116,29,SPEED SAFETY CAMERA,1600 blk New Jersey Ave NW s/b,3,5/6,5E/6E,308,25,398505.59,138263.58,9307,,NEW JERSEY AVENUE NW FROM WARNER STREET NW TO R STREET NW,803116
-77.0033497661514,38.9560662011658,117,30,SPEED SAFETY CAMERA,200 blk Riggs Rd NE e/b,4,4/5,4B/5A,406,25,399714.4,143129.98,9407,VM,RIGGS ROAD NE FROM 1ST PLACE NE TO 3RD STREET NE,808105
-77.0334160867951,38.9534924592732,118,35,SPEED SAFETY CAMERA,5200 blk 14th St NW s/b,4,4,4C,403,25,397102.63,142844.3,9492,VM,4TH STREET NW FROM HAMILTON STREET NW TO INGRAHAM STREET NW,807819
-76.9772830719106,38.9095867424332,119,46,SPEED SAFETY CAMERA,1400 blk Bladensburg Rd NE s/b,5,5,5C,503/506,25,401970.25,137968.08,9516,VM,BLADENSBURG ROAD NE FROM 17TH STREET NE TO R STREET NE,800940
-76.9827102566667,38.9329618617877,120,47,SPEED SAFETY CAMERA,Monroe St e/b @ 16th St NE,5,5,5B,504,,401498.27999934,140563.61999987,9521,VM,MONROE STREET NE AND 16TH STREET NE,901099
-77.0090424505722,38.9239916183652,121,55,SPEED SAFETY CAMERA,2500 blk N Capitol St NE n/b,5,,,,,399216.25,139567.28,9594,VM,NORTH CAPITOL STREET FROM DOUGLAS STREET NE TO EVARTS STREET NE,801570
-76.9523874192799,38.8950828387373,122,61,SPEED SAFETY CAMERA,DC 295 NE AT BENNING ROAD EXIT NB,6,7,7F,603,50,,,9605,VM,,
-76.947744873254,38.8897161964778,123,63,SPEED SAFETY CAMERA,3900 blk E Capitol St SE e/b,6,7,7F,603,25,404532.67,135772.75,9616,VM,EAST CAPITOL STREET FROM B STREET SE TO 40TH STREET NE,809930
-76.9460994221338,38.8898430344629,124,62,SPEED SAFETY CAMERA,4000 blk East Capitol St NE w/b,6,7,7F,603,25,404693.274,135772.361,9614,VM,EAST CAPITOL STREET FROM 40TH STREET NE TO 41ST STREET NE,805503
-76.9638910753722,38.870734044793,125,66,SPEED SAFETY CAMERA,3000 blk Pennsylvania Ave SE nw/b,6,7,7B,605/607,25,403130.1,133658.19,9691,VM,PENNSYLVANIA AVENUE SE FROM 30TH STREET SE TO 31ST STREET SE,812288
-77.0165945618491,38.8227536108056,126,75,SPEED SAFETY CAMERA,DC295 SW 0.05 Mile S/O Exit 1 n/b,7,8,8D,708,,398559,128329.55,9717,VM,EXIT 1 FROM INTERSTATE 295 NORTHBOUND TO LABORATORY ROAD SW,
-77.0078763408917,38.8428014711276,127,76,SPEED SAFETY CAMERA,DC295 SE 0.4 miles s/o E/2 s/b (WZ),7,8,8C,703/707,,399373.44,130817.96,9718,VM,EXIT 2 FROM INTERSTATE 295 NORTHBOUND TO MALCOLM X AVENUE SE,
-77.0278934805606,38.9306500721947,1,1,STOP SIGN SAFETY CAMERA,11th St n/b @ Lamont St NW,3,1,1A,302,,397573.0700117,140312.97999964,8308,Sensys,LAMONT STREET NW AND 11TH STREET NW,907333
-77.0556509913085,38.9356365272811,2,1,SPEED SAFETY CAMERA,2500 blk Porter St NW w/b ,2,3,3C,203,25,395175.22,140861.92,8209,Sensys,PORTER STREET NW FROM WILLIAMSBURG LANE NW TO QUEBEC STREET NW,813039
-77.0364171891943,38.9525425955595,3,4,SPEED SAFETY CAMERA,16th St s/b @ Colorado Ave NW ,4,4,4A/4C,403/404,25,396843.55772302,142737.74300989,8402,Sensys,16TH STREET NW AND COLORADO AVENUE NW,903866
-77.0785714640464,38.9126969122418,4,23,SPEED SAFETY CAMERA,4300 blk Reservoir Rd NW e/b,2,2,2E,206,25,393185.8,138316.9,9295,VM,RESERVOIR ROAD NW FROM 39TH STREET NW TO 44TH STREET NW,812695
-77.0731303273505,38.9241670524316,5,24,SPEED SAFETY CAMERA,2600 blk Wisconsin Ave NW n/b,2,3,3B/3C,204,25,393653.45,139589.56,9296,Sensys,WISCONSIN AVENUE NW FROM DAVIS STREET NW TO EDMUNDS STREET NW,801693
-77.0922401068942,38.9139014259709,6,28,SPEED SAFETY CAMERA,4700 blk MacArthur Blvd NW s/b,3,3,3D,205,25,392000.5,138451.67,9305,VM,MACARTHUR BOULEVARD NW FROM 47TH PLACE NW TO RESERVOIR ROAD NW,807090
-77.0138947136182,38.9312939306248,7,34,SPEED SAFETY CAMERA,100 blk Irving St NW w/b,4,5,5A/5E,405,25,398793.71,140371.82,9418,Sensys, IRVING STREET NW FROM 1ST STREET NW TO KENYON STREET NW,807403
-77.0060752199138,38.934487358561,8,36,SPEED SAFETY CAMERA,3000 blk N Capitol St NW sw,4,5,5A,405,25,399473.49,140732.86,9494,VM,NORTH CAPITOL STREET FROM MICHIGAN AVENUE NW TO HAREWOOD ROAD NW,811116
-76.9812706387299,38.8724195891267,9,73,SPEED SAFETY CAMERA,DC 295 .4 mi s/o Penn Ave SE sw/b,7,8,8A,607,50,401625.483,133844.553,9708,VM,,
-76.9708386453022,38.9412072673018,10,8,SPEED SAFETY CAMERA,4200 blk Eastern Ave NE se/b,6,5,5B,503,25,402524.71,141458.42,8535,Sensys,EASTERN AVENUE NE FROM RUSSELL AVENUE NE TO KAYWOOD PLACE NE,800881
-76.9597759099076,38.8660663521025,11,60,SPEED SAFETY CAMERA,1900 blk Branch Ave SE s/b,6,7,7B,607,25,403490.8527089,133139.17476397,9602,VM,BRANCH AVENUE SE FROM 33RD STREET SE TO PARK DRIVE SE,814299
-76.968973008084,38.8694824360157,12,6,STOP SIGN SAFETY CAMERA,27th St n/b @ R St SE,6,7,7B,607,,402692.55253874,133518.07382286,8639,Sensys,R STREET SE AND 27TH STREET SE,903631
-76.9833049015022,38.8533051237514,13,12,SPEED SAFETY CAMERA,Suitland Pk w/b @ Stanton Rd SE,7,8,8B/8E,702/703/704,25,401449.1453278,131721.94942972,8701,Sensys,SUITLAND PARKWAY SE AND STANTON ROAD SE,901568
-76.9723216944471,38.8628802906263,14,13,SPEED SAFETY CAMERA,2300 blk Good Hope Rd SE nw/b,7,8,8B,701,25,402402.17249659,132785.09366735,8702,Sensys,GOOD HOPE ROAD SE FROM ALTAMONT PLACE SE TO GOOD HOPE COURT SE,815490
-76.9823246772726,38.8508425599051,15,7,STOP SIGN SAFETY CAMERA,Bruce Pl e/b @ 15th Pl SE,7,8,8E,704,,401534.2823512,131448.60337611,8719,Sensys,15TH PLACE SE AND BRUCE PLACE SE,907047
-77.0334269298144,38.9620497836356,16,5,SPEED SAFETY CAMERA,Military Rd w/b @ 14th St NW,4,4,4A,402/403,25,397102.94117523,143793.89478237,8404,Sensys,MILITARY ROAD NW AND 14TH STREET NW,900063
-77.0429609355501,38.9450887704117,17,4,STOP SIGN SAFETY CAMERA,Blagden Ave @ Allison St NW ne/b,4,4,4A,404,,396275.75805075,141911.41338165,8440,Sensys,BLAGDEN AVENUE NW AND ALLISON STREET NW, 
-77.059249688063,38.9610182383647,18,17,SPEED SAFETY CAMERA,2900 blk Military Rd NW e/b,2,4,3G,201,25,394864.84999114,143680.51988998,9204,VM,MILITARY ROAD NW FROM 29TH STREET NW TO 30TH STREET NW,811559
-77.0499797096587,38.9025337467168,19,20,SPEED SAFETY CAMERA,2200 blk K St NW w/b,2,2,2A,207,25,395664.72103408,137187.7544091,9225,VM,K STREET NW FROM 21ST STREET NW TO 25TH STREET NW,805065
-77.0499797096587,38.9025337467168,20,21,SPEED SAFETY CAMERA,2200 blk K St NW e/b,2,2,2A,207,25,395664.72103408,137187.7544091,9226,VM,K STREET NW FROM 21ST STREET NW TO 25TH STREET NW,805065
-77.1098603763279,38.9334767691038,21,25,SPEED SAFETY CAMERA,5700 blk MacArthur Blvd  NW n/b,2,3,3D,205,25,390474.76090746,140627.23399006,9298,VM,MACARTHUR BOULEVARD NW FROM MANNING PLACE NW TO WATSON STREET NW,811159
-76.9651363306571,38.9171450071443,22,45,SPEED SAFETY CAMERA,3300 blk New York Ave NE e/b,5,5,5C,503,25,403023.68,138808.25,9513,VM,NEW YORK AVENUE NE FROM BLADENSBURG ROAD NE TO 36TH PLACE NE,800345
-76.9421970179926,38.8767350080545,23,72,SPEED SAFETY CAMERA,699-800 blk Ridge Rd SE nw/b,6,7,7E,605,25,405015.68899059,134324.29403941,9699,VM,RIDGE ROAD SE FROM G STREET SE TO BURNS STREET SE,801304
-76.9823696470366,38.9416450898623,24,42,SPEED SAFETY CAMERA,4200 blk S Dakota Ave NE nw/b,5,5,5B,503/504,25,401528.43212128,141528.40542321,9510,VM,SOUTH DAKOTA AVENUE NE FROM TAYLOR STREET NE TO MICHIGAN AVENUE NE,811511
-76.9913021826455,38.9378489195536,25,43,SPEED SAFETY CAMERA,1100 blk Michigan Ave NE w/b,4,5,5B,405,25,400754.0819743,141106.88532003,9511,VM,MICHIGAN AVENUE NE FROM QUINCY STREET NE TO RANDOLPH STREET NE,811071
-76.9360995851625,38.9099026606538,26,64,SPEED SAFETY CAMERA,DC295 NE .1mile s/o Eastern Ave n/b,6,7,7D,601,25,405542.19902775,138006.51628289,9620,VM,KENILWORTH AVENUE NE UNDER EASTERN AVENUE NE,912947
-76.9513687313174,38.8739779323693,27,65,SPEED SAFETY CAMERA,3700 blk Massachusetts Ave SE nw/b,6,7,7B,605,25,404220.00283653,134017.77395906,9623,VM,MASSACHUSETTS AVENUE SE FROM N STREET SE TO O STREET SE,813951
-76.9375452054347,38.8897794088292,28,4,RED LIGHT SAFETY CAMERA,E Capitol St w/b @ Benning Rd NE,6,7,7D/7E,603/604/608,,405418.34603912,135772.58834285,34,VM,EAST CAPITOL STREET AND BENNING ROAD NE,904412
-76.9382285757458,38.8897840782103,29,5,RED LIGHT SAFETY CAMERA,E Capitol St e/b @ Texas Ave SE,6,7,7D/7E/7F,603/604,,405359.05902711,135773.06634159,43,VM,EAST CAPITOL STREET AND TEXAS AVENUE SE,904411
-76.9706502960506,38.873471386248,30,6,RED LIGHT SAFETY CAMERA,Pennsylvania Ave w/b @ Minnesota SE,6,7,7B,605/607,,402546.85349922,133960.82890951,51,VM,MINNESOTA AVENUE SE AND PENNSYLVANIA AVENUE SE,902809
-76.9836041915329,38.9097105120072,31,7,SPEED SAFETY CAMERA,1200 blk Mt Olivet Rd NE nw/b ,6,5,5C/5D,506,25,401427.16,137980.1,8510,Sensys,MOUNT OLIVET ROAD NE FROM MONTELLO AVENUE NE TO TRINIDAD AVENUE NE,805186
-77.1047378490651,38.9357467191706,32,22,SPEED SAFETY CAMERA,5100 blk Loughboro Rd NW w/b,2,3,3D,205,25,390919.1889916,140878.69605108,9235,VM,LOUGHBORO ROAD NW FROM MAUD STREET NW TO PALISADE LANE NW,806158
-76.9648804257086,38.8973068340266,33,11,SPEED SAFETY CAMERA,2800 blk Benning Rd NE e/b,5,5/7,5D/7D,507,25,403046.52254024,136606.92445837,8650,Sensys,BENNING ROAD NE FROM OKLAHOMA AVENUE NE TO ANACOSTIA AVENUE NE,805468
-76.9794337624228,38.8933071638333,34,16,SPEED SAFETY CAMERA,1700 blk C St NE W/B,1,6,6A,108,25,401784.16229495,136162.54433945,9128,VM,C STREET NE FROM 17TH PLACE NE TO 18TH STREET NE,808851
-77.0703659400927,38.9265712779235,35,3,SPEED SAFETY CAMERA,3500 blk Massachusetts Ave NW e/b,2,3,3C,204,25,393898.46061672,139857.28491105,8234,VM,MASSACHUSETTS AVENUE NW FROM 35TH PLACE NW TO 36TH STREET NW,804628
-77.0753771516297,38.9502418736621,36,19,SPEED SAFETY CAMERA,4600 blk Nebraska Ave NW sw/b,2,3,3E,202,25,393466.10046998,142485.2754345,9213,VM,NEBRASKA AVENUE NW FROM BRANDYWINE STREET NW TO CHESAPEAKE STREET NW,806113
-77.0922486481993,38.9425500329852,37,26,SPEED SAFETY CAMERA,4600 blk Massachusetts Ave NW nw/b,2,3,3D/3E,202/205,25,392002.77019355,141632.75522849,9299,VM,MASSACHUSETTS AVENUE NW FROM UPTON STREET NW TO 47TH STREET NW,804544
-77.0191839370037,38.9347358412012,38,31,SPEED SAFETY CAMERA,3600 blk Park Pl NW s/b,4,1/5,1A/5A,405/409,25,398336.72149342,140761.44519499,9408,VM,PARK PLACE NW FROM NEWTON PLACE NW TO OTIS PLACE NW,806401
-77.0363731657352,38.9718956476006,39,32,SPEED SAFETY CAMERA,6700 blk 16th St NW n/b,4,4,4A,401,25,396848.03109891,144886.97599834,9409,VM,16TH STREET NW FROM WHITTIER PLACE NW TO ASPEN STREET NW,804487
-77.0416267923353,38.9462235943536,40,33,SPEED SAFETY CAMERA,4600 blk Blagnen Ave NW SW/B,4,4,4A,404,25,396391.47107128,142037.33540981,9412,VM,BLAGDEN AVENUE NW FROM ALLISON STREET NW TO 18TH STREET NW,815240
-76.9906744683374,38.956500517253,41,38,SPEED SAFETY CAMERA,5300 blk Eastern Ave NE se/b,4,5,5A,406,25,400808.29193815,143177.3857415,9496,VM,EASTERN AVENUE NE FROM CHILLUM PLACE NE TO JAMAICA STREET NE,809454
-77.0063211815981,38.9605429950498,42,39,SPEED SAFETY CAMERA,5800 blk New Hampshire Ave NE sw/b,4,4,4B,406,25,399452.14165381,143626.11580171,9497,VM,NEW HAMPSHIRE AVENUE NE FROM MCDONALD PLACE NE TO OGLETHORPE STREET NE,805346
-77.0319595700795,38.885975385494,43,30,RED LIGHT SAFETY CAMERA,14th St n/b @ C St SW,1,2/6,2A/6D,103,,397227.15839158,135348.94407103,321,VM,C STREET SW AND 14TH STREET SW,908325
-76.9938643949193,38.9219980584447,44,32,RED LIGHT SAFETY CAMERA,Rhode Island Ave sw/b @ Reed St NE,5,5,5B/5C,504/505,,400532.06196939,139347.28495775,354,VM,RHODE ISLAND AVENUE NE AND REED STREET NE,900262
-76.961891482338,38.8617033571836,45,10,SPEED SAFETY CAMERA,3100 blk Alabama Ave SE ne/b,6,7,7B,606,25,403307.45468277,132654.77166138,8643,Sensys,ALABAMA AVENUE SE FROM 31ST PLACE SE TO 32ND STREET SE,811451
-76.9590017697828,38.8619306697254,46,34,RED LIGHT SAFETY CAMERA,Branch Ave n/b @ Alabama Ave SE,6,7,7B,606,,403558.24273295,132680.11367222,371,VM,ALABAMA AVENUE SE AND BRANCH AVENUE SE,905962
-77.073311588307,38.9610251846162,47,35,RED LIGHT SAFETY CAMERA,Connecticut Ave n/b @ Military NW,2,3,3G,201,,393646.11047927,143682.17568135,381,VM,CONNECTICUT AVENUE NW AND MILITARY ROAD NW,904930
-77.0702311292702,38.9050308936694,48,36,RED LIGHT SAFETY CAMERA,M St w/b @ Whitehurst Frwy NW,2,2,2E,206,,393908.31067267,137466.11442598,394,VM,M STREET NW AND WHITEHURST FREEWAY NW,904994
-77.0803985164374,38.9496850774687,49,37,RED LIGHT SAFETY CAMERA,Wisconsin Ave n/b @ Brandywine NW,2,3,3E,202,,393030.77998746,142423.83691646,421,VM,WISCONSIN AVENUE NW AND BRANDYWINE STREET NW,901373
-76.9467615094756,38.8637497733092,50,38,RED LIGHT SAFETY CAMERA,Pennsylvania e/b @ Southern Ave SE,6,7,7B/7E,605/606,,404620.45894336,132882.59573748,443,VM,PENNSYLVANIA AVENUE SE AND SOUTHERN AVENUE SE,903580
-77.0515157327272,38.9235372863106,51,39,RED LIGHT SAFETY CAMERA,Connecticut Ave n/b @ Calvert St NW,2,3,3C,204,,395532.80095471,139519.39487941,451,VM,CONNECTICUT AVENUE NW AND CALVERT STREET NW,903793
-77.0334269298144,38.9620497836356,52,40,RED LIGHT SAFETY CAMERA,Military Rd w/b @ 14th St NW,4,4,4A,402/403,,397102.94117523,143793.89478237,464,VM,MILITARY ROAD NW AND 14TH STREET NW,900063
-77.0089190236927,38.9074062388189,53,41,RED LIGHT SAFETY CAMERA,New York Ave sw/b @ N Capitol St NE,5,5/6,5E/6C,501/506,,399226.40974211,137727.49159926,482,VM,NEW YORK AVENUE NE AND NORTH CAPITOL STREET NE,913908
-76.9689711098416,38.8727884305172,54,42,RED LIGHT SAFETY CAMERA,Pennsylvania Ave se/b @ 27th St SE,6,7,7B,605/607,,402692.59253043,133885.06389741,492,VM,PENNSYLVANIA AVENUE SE AND 27TH STREET SE,902787
-77.071561027897,38.9547004852175,55,43,RED LIGHT SAFETY CAMERA,Nebraska Ave ne/b @ Fessenden St NW,2,3,3F/3G,201/203,,393797.2805257,142979.95554234,531,VM,NEBRASKA AVENUE NW AND FESSENDEN STREET NW,902679
-77.0090655359167,38.9002156691638,56,44,RED LIGHT SAFETY CAMERA,N Capitol St s/b @ H St NW,1,6,6C/6E,102,,399213.62275761,136929.28143689,542,VM,NORTH CAPITOL STREET AND H STREET NW,905702
-77.0732499382747,38.924166977519,57,2,SPEED SAFETY CAMERA,2600 blk Wisconsin Ave NW s/b,2,3,3B/3C,204,25,393653.45,139589.56,8229,Sensys,WISCONSIN AVENUE NW FROM DAVIS STREET NW TO EDMUNDS STREET NW,801693
-77.0355264536363,38.9155799685355,58,2,OVERSIZED SAFETY CAMERA,1500 blk T St NW e/b,2,2,2B,301,,396918.97125495,138635.40473133,8299,RF,T STREET NW FROM 15TH STREET NW TO 16TH STREET NW,806334
-77.0138922442772,38.9311692739431,59,6,SPEED SAFETY CAMERA,Unit blk Irving St NW e/b,5,5,5A/5E,405,25,398793.71,140371.82,8414,Sensys, IRVING STREET NW FROM 1ST STREET NW TO KENYON STREET NW,807403
-77.0153562340682,38.9706109832083,60,37,SPEED SAFETY CAMERA,6600 blk Blair Rd NW s/b,4,4,4B,401,25,398669.25982265,144743.84965449,9495,VM,6600 - 6699 BLOCK OF BLAIR ROAD NW,801238
-77.0146681200274,38.9264066913331,61,40,SPEED SAFETY CAMERA,100 blk Michigan Ave NW e/b,4,1/5,1B/5E,405,25,398728.10159352,139836.76501617,9498,VM,MICHIGAN AVENUE NW FROM 1ST STREET NW TO MICHIGAN AVENUE,815694
-77.0218001738846,38.9589489235352,62,41,SPEED SAFETY CAMERA,600 blk Missouri Ave NW se/b,4,4,4B,402/403,25,398110.53138667,143449.36573534,9499,VM,MISSOURI AVENUE NW FROM 6TH STREET NW TO 7TH STREET NW,812484
-76.9776953579846,38.8933083762857,63,44,SPEED SAFETY CAMERA,1800 blk C St NE E/B,1,6,6A,108,25,401934.97232545,136162.71434293,9512,VM,C STREET NE FROM 18TH PLACE NE TO 19TH STREET NE,813464
-77.000570391892,38.9285930278833,64,49,SPEED SAFETY CAMERA,3100 blk 4th St NE N/B,5,5,5E,502,25,399950.54183518,140079.36509317,9554,VM,4TH STREET NE FROM LINCOLN ROAD NE TO HAREWOOD ROAD NE,807253
-76.9617404815267,38.9338725732429,65,50,SPEED SAFETY CAMERA,3600 blk Eastern Ave NE se/b,5,5,5C,503,25,403317.20250261,140666.13528889,9556,VM,EASTERN AVENUE NE FROM 34TH STREET NE TO NEWTON STREET NE,801384
-77.0075274401468,38.943800058466,66,52,SPEED SAFETY CAMERA,4400 blk Clermont Dr NE S/B,4,5,5A,405,25,399347.4416749,141767.50542213,9558,VM,CLERMONT DRIVE NE FROM FORT DRIVE NE TO WEBSTER STREET NE,800539
-76.9809483728511,38.903863870547,67,53,SPEED SAFETY CAMERA,1100 blk Bladensburg Rd NE NE/B,5,5,5D,506/507,25,401652.52224172,137334.39457447,9559,VM,BLADENSBURG ROAD NE FROM L STREET NE TO LEVIS STREET NE,802916
-76.9593130070223,38.9241395321945,68,56,SPEED SAFETY CAMERA,3200 blk Fort Lincoln Dr NE S/B,5,5,5C,503,25,403528.15256989,139585.77507433,9595,VM,FORT LINCOLN DRIVE NE FROM 31ST PLACE NE TO ROBERT CLIFTON WEAVER WAY NE,815965
-76.9937254507961,38.9126674010263,69,57,SPEED SAFETY CAMERA,600 blk New York Ave NE e/b,5,5,5C/5D,501/505,25,400544.18199537,138311.50474772,9597,VM,NEW YORK AVENUE NE FROM 4TH STREET NE TO FAIRVIEW AVENUE NE,816379
-76.959060020344,38.9210783252614,70,58,SPEED SAFETY CAMERA,2200 blk South Dakota Ave NE se/b,5,5,5C,503,25,403550.24258209,139245.96500582,9598,VM,SOUTH DAKOTA AVENUE NE FROM 33RD PLACE NE TO 33RD STREET NE,811482
-76.9937254507961,38.9126674010263,71,59,SPEED SAFETY CAMERA,600 blk New York Avenue NE w/b,5,5,5C/5D,501/505,25,400544.18199537,138311.50474772,9599,VM,NEW YORK AVENUE NE FROM 4TH STREET NE TO FAIRVIEW AVENUE NE,816379
-76.9204507133188,38.9015339141908,72,67,SPEED SAFETY CAMERA,800 blk Eastern Ave NE E/B,6,7,7C,608,25,406900.26330924,137078.58464195,9692,VM,EASTERN AVENUE NE FROM 55TH STREET NE TO HUNT PLACE NE,800831
-76.9508218589375,38.8605847968125,73,68,SPEED SAFETY CAMERA,3700 blk Southern Ave SE sw/b,6,7,7B,606,25,404268.25888005,132531.06265803,9693,VM,SOUTHERN AVENUE SE FROM FOREST GLADE LANE SE TO SUITLAND ROAD SE,806950
-76.939605071945,38.9063877918252,74,69,SPEED SAFETY CAMERA,1400 blk Kenilworth Ave NE S/B,6,7,7D,601,25,405238.41996073,137616.13071327,9694,VM,KENILWORTH AVENUE NE FROM 44TH STREET NE TO 45TH PLACE NE,803924
-76.9597760251397,38.8660663431338,75,70,SPEED SAFETY CAMERA,1900 blk Branch Ave SE n/b,6,7,7B,607,25,403490.8427089,133139.17376398,9697,VM,BRANCH AVENUE SE FROM 33RD STREET SE TO PARK DRIVE SE,814299
-76.948370181372,38.8989477665024,76,71,SPEED SAFETY CAMERA,600 blk Kenilworth Ave NE s/b,6,7,7D,601,25,404478.63582582,136789.7615281,9698,VM,KENILWORTH AVENUE NE FROM FOOTE STREET NE TO HAYES STREET NE,813891
-76.9944903785037,38.8604086656167,77,74,SPEED SAFETY CAMERA,2500 blk Martin Luther King Ave SE n/b,7,8,8C,703,25,400478.19111345,132510.37556796,9714,VM,MARTIN LUTHER KING JR AVENUE SE FROM HOWARD ROAD SE TO STANTON ROAD SE,804637
-76.9811392258674,38.836952700941,78,77,SPEED SAFETY CAMERA,1400 blk Southern Ave SE sw/b,7,8,8E,706,25,401637.50240698,129906.7530651,9797,VM,SOUTHERN AVENUE SE FROM 13TH STREET SE TO VALLEY TERRACE SE,808913
-76.9764534128339,38.8406090119423,79,78,SPEED SAFETY CAMERA,1900 blk Southern Ave NE NE/B,7,8,8E,704,25,402044.22248014,130312.72315682,9798,VM,SOUTHERN AVENUE SE FROM VALLEY TERRACE SE TO VALLEY TERRACE SE,800001
-76.9724416548891,38.9173364214996,80,7,RED LIGHT SAFETY CAMERA,NY Ave w/b @ Bladensburg Rd NE,5,5,5C,503/505,,402389.93635688,138830.14689498,64,VM,NEW YORK AVENUE NE AND BLADENSBURG ROAD NE,903098
-76.9724416548891,38.9173364214996,81,8,RED LIGHT SAFETY CAMERA,NY Ave e/b @ Bladensburg Rd NE,5,5,5C,503/505,,402389.93635688,138830.14689498,73,VM,NEW YORK AVENUE NE AND BLADENSBURG ROAD NE,903098
-77.0227013763606,38.9462412332651,82,2,STOP SIGN SAFETY CAMERA,Kansas Ave ne/b @ Buchanan St NW,4,4,4C/4D,407,,398032.07140285,142038.7154473,8413,Sensys,KANSAS AVENUE NW AND BUCHANAN STREET NW,900536
-77.1100152964678,38.9334098898113,83,18,SPEED SAFETY CAMERA,5700 blk MacArthur Blvd  NW s/b,2,3,3D,205,25,390461.31990492,140619.82598825,9209,VM,MACARTHUR BOULEVARD NW FROM MANNING PLACE NW TO WATSON STREET NW,811159
-77.0178759628727,38.9576677498141,84,3,STOP SIGN SAFETY CAMERA,Longfellow St w/b @ Missouri Ave NW,4,4,4B/4D,402/403,,398450.62345865,143307.06971419,8432,Sensys,LONGFELLOW STREET NW AND MISSOURI AVENUE NW,900979
-76.9902459149411,38.8875992475706,85,1,OVERSIZED SAFETY CAMERA,Independence Ave e/b @12th St SE,1,6,6B,107,,400846.47001474,135527.8799952,8196,RF,INDEPENDENCE AVENUE SE AND 12TH STREET SE,907257
-76.9980096315643,38.9518231393013,86,5,STOP SIGN SAFETY CAMERA,GALLATIN ST W/B @ 6TH PL NE ,4,5,5A,405,,400172.77001411,142657.26000182,8441,Sensys,GALLATIN STREET NE AND 6TH PLACE NE,900623
-76.9724416548891,38.9173364214996,87,9,RED LIGHT SAFETY CAMERA,Bladensburg Rd n/b @ NY Ave NE,5,5,5C,503/505,,402389.93635688,138830.14689498,81,VM,NEW YORK AVENUE NE AND BLADENSBURG ROAD NE,903098
-77.0080362866717,38.9423885789552,88,10,RED LIGHT SAFETY CAMERA,N Capitol St n/b @ Harewood Rd NE,4,5,5A,405,,399303.31566954,141610.82238934,101,VM,NORTH CAPITOL STREET AND HAREWOOD ROAD NW,907983
-77.0090093127404,38.9524149316719,89,11,RED LIGHT SAFETY CAMERA,N Capitol St s/b @ Gallatin St NW,4,4/5,4D/5A,403/405/407,,399219.07162722,142723.84561331,112,VM,NORTH CAPITOL STREET AND GALLATIN STREET NW,902322
-77.0090483817199,38.9548231094407,90,12,RED LIGHT SAFETY CAMERA,N Capitol St n/b @ Riggs Rd NE,4,4/5,4B/4D/5A,403/405/406,,399215.71162046,142991.17566749,121,VM,NORTH CAPITOL STREET AND RIGGS ROAD NE,903563
-77.0533082853963,38.9025362659594,91,13,RED LIGHT SAFETY CAMERA,K St w/b @ 25th St NW,2,2,2A,207,,395375.99797568,137188.19740268,134,VM,K STREET NW AND 25TH STREET NW,904122
-76.9651641872939,38.9251762084963,92,14,RED LIGHT SAFETY CAMERA,S Dakota se/b @ Bladensburg Rd NE,5,5,5C,503,,403020.72646465,139700.64508609,143,VM,SOUTH DAKOTA AVENUE NE AND BLADENSBURG ROAD NE,903777
-76.9857732721565,38.9104746317179,93,15,RED LIGHT SAFETY CAMERA,Mt Olivet se/b @ W Virginia Ave NE,5,5,5C/5D,505/506,,401233.89998046,138068.16696727,153,VM,MOUNT OLIVET ROAD NE AND WEST VIRGINIA AVENUE NE,900888
-77.0092337006784,38.880289578941,94,16,RED LIGHT SAFETY CAMERA,S Capitol Ramp s/b before I St SW,1,6,6D,105/106,,399198.81221059,134717.33077185,162,VM,, 
-77.0364537509965,38.9349742340463,95,17,RED LIGHT SAFETY CAMERA,16th St n/b @ Oak St NW,4,1,1A/1D,408/409,,396839.41119012,140788.36516652,171,VM,16TH STREET NW AND OAK STREET NW,901991
-77.0364171891943,38.9525425955595,96,16,RED LIGHT SAFETY CAMERA,16th St s/b @ Colorado Ave NW,4,4,4A/4C,403/404,,396843.55772302,142737.74300989,182,VM,16TH STREET NW AND COLORADO AVENUE NW,903866
-77.0280330363602,38.96102156664,97,19,RED LIGHT SAFETY CAMERA,Georgia Ave s/b @ Missouri Ave NW,4,4,4B/4C,402/403,,397570.3862723,143679.59576979,192,VM,GEORGIA AVENUE NW AND MISSOURI AVENUE NW,906149
-76.9833049015022,38.8533051237514,98,20,RED LIGHT SAFETY CAMERA,Suitland Pkwy w/b @ Stanton Rd SE,7,8,8B/8E,702/703/704,,401449.1453278,131721.94942972,201,VM,SUITLAND PARKWAY SE AND STANTON ROAD SE,901568
-77.0364787961927,38.9286951651302,99,21,RED LIGHT SAFETY CAMERA,16th St s/b @ Irving St NW,3,1,1A/1D,408,,396836.96120541,140091.33502499,222,VM,16TH STREET NW AND IRVING STREET NW,903066
-77.0281397081615,38.8920931832528,100,22,RED LIGHT SAFETY CAMERA,12th St n/b @ Constitution Ave NW,1,2,2C,103,,397558.78244331,136027.95821643,231,VM,12TH STREET NW AND CONSTITUTION AVENUE NW,905603
-77.0045950793745,38.9089048833635,101,23,RED LIGHT SAFETY CAMERA,New York Ave w/b @ Florida Ave NE,5,5/6,5E/6C,502/506,,399601.45481418,137893.82564153,264,VM,FLORIDA AVENUE NE AND NEW YORK AVENUE NE,904857
-77.0336552943429,38.8920973004163,102,24,RED LIGHT SAFETY CAMERA,Constitution Ave w/b @ 15th St NW,2,2,2A/2C,207,,397080.28634652,136028.57720573,274,VM,CONSTITUTION AVENUE NW AND 15TH STREET NW,901839
-77.0561080211119,38.9025387383625,103,25,RED LIGHT SAFETY CAMERA,K St e/b @ 27th St NW,2,2,2A,207,,395133.14692657,137188.61739727,283,VM,K STREET NW AND 27TH STREET NW,900014
-77.0319573845807,38.9025305451588,104,26,RED LIGHT SAFETY CAMERA,14th St n/b @ K St NW,2,2,2F,207/209,,397227.9913502,137186.69744421,286,VM,K STREET NW AND 14TH STREET NW,900719
-77.0151802891518,38.8875740660685,105,27,RED LIGHT SAFETY CAMERA,Independence Ave e/b @ 3rd St SW,1,2/6,2C/6D,102/103,,398682.97368203,135526.03413991,303,VM,INDEPENDENCE AVENUE SW AND 3RD STREET SW,903234
-77.0704132625071,38.9560410721211,106,28,RED LIGHT SAFETY CAMERA,Connecticut Ave s/b @ Nebraska NW,2,3,3F/3G,201/203,,393896.88054246,143128.69557476,312,VM,CONNECTICUT AVENUE NW AND NEBRASKA AVENUE NW,906932
-77.0592449170868,38.9368322343799,107,29,RED LIGHT SAFETY CAMERA,Connecticut Ave s/b @ Porter St NW,2,3,3C/3F,203,,394863.52078605,140995.65516385,314,VM,CONNECTICUT AVENUE NW AND PORTER STREET NW,904041
