anc_id,nbh_cluster,nbh_cluster_names,smd_id,ward_name,census_tract,comp_plan_area,charter_school,public_school,grades,school_name,es,ms,hs,geography
5C,Cluster 22,"Brookland, Brentwood, Langdon",5C02,Ward 5,011100,UPPER NORTHEAST,1,0,Adult,Academy of Hope Adult PCS [18th Place],0,0,1,0101000020E6100000135334F1943E53C0CEFA5956DC754340
8C,Cluster 39,"Congress Heights, Bellevue, Washington Highlands",8C03,Ward 8,009804,FAR SOUTHEAST AND SOUTHWEST,1,0,Adult,Academy of Hope Adult PCS [Southeast],0,0,1,0101000020E61000003DADA1F1FB3F53C053FB167CE26B4340
8E,Cluster 39,"Congress Heights, Bellevue, Washington Highlands",8E06,Ward 8,009801,FAR SOUTHEAST AND SOUTHWEST,1,0,PK3-3rd,Achievement Prep PCS - Wahler Place Elementary,1,0,0,0101000020E610000020949F5E813F53C0B657CB82CB6A4340
8E,Cluster 39,"Congress Heights, Bellevue, Washington Highlands",8E06,Ward 8,009801,FAR SOUTHEAST AND SOUTHWEST,1,0,4th-8th,Achievement Prep PCS - Wahler Place Middle,1,0,0,0101000020E610000020949F5E813F53C0B657CB82CB6A4340
7C,Cluster 31,"Deanwood, Burrville, Grant Park, Lincoln Heights, Fairmont Heights",7C03,Ward 7,007804,FAR NORTHEAST AND SOUTHEAST,0,1,PK3-5th,Aiton Elementary School,1,0,0,0101000020E6100000C4EDEDCAC13B53C088251E33D1724340
6D,Cluster 9,"Southwest Employment Area, Southwest/Waterfront, Fort McNair, Buzzard Point",6D01,Ward 6,010200,LOWER ANACOSTIA WATERFRONT AND NEAR SOUTHWEST,0,1,PK3-5th,Amidon-Bowen Elementary School,1,0,0,0101000020E6100000A8359000294153C011D26B3494704340
8A,Cluster 34,"Twining, Fairlawn, Randle Highlands, Penn Branch, Fort Davis Park, Fort Dupont",8A02,Ward 8,007601,FAR NORTHEAST AND SOUTHEAST,0,1,9th-12th,Anacostia High School,0,0,1,0101000020E610000012D95BC6EA3E53C0DCE294285F6F4340
1B,Cluster 2,"Columbia Heights, Mt. Pleasant, Pleasant Plains, Park View",1B07,Ward 1,003700,MID-CITY,1,0,PK3-PK4,AppleTree Early Learning PCS - Columbia Heights,1,0,0,0101000020E610000006CB2583184253C08A1C0EA46E764340
8E,Cluster 38,"Douglas, Shipley Terrace",8E03,Ward 8,007403,FAR SOUTHEAST AND SOUTHWEST,1,0,PK3-PK4,AppleTree Early Learning PCS - Douglas Knoll,1,0,0,0101000020E610000014E0CE20653E53C0494BBA84A46C4340
6A,Cluster 26,"Capitol Hill, Lincoln Park",6A03,Ward 6,008100,CAPITOL HILL,1,0,PK3-PK4,AppleTree Early Learning PCS - Lincoln Park,1,0,0,0101000020E6100000E7234CF9643F53C05B432E5B1D724340
7D,Cluster 25,"Union Station, Stanton Park, Kingman Park",7D01,Ward 7,007903,CAPITOL HILL,1,0,PK3-PK4,AppleTree Early Learning PCS - Oklahoma Ave,1,0,0,0101000020E6100000733300FD6F3E53C0AE4B215C82724340
8B,Cluster 38,"Douglas, Shipley Terrace",8B07,Ward 8,007409,FAR SOUTHEAST AND SOUTHWEST,1,0,PK3-PK4,AppleTree Early Learning PCS - Parklands @ THEARC,1,0,0,0101000020E610000033C1289B883E53C0385B3CF1F36B4340
6D,Cluster 9,"Southwest Employment Area, Southwest/Waterfront, Fort McNair, Buzzard Point",6D01,Ward 6,010200,CENTRAL WASHINGTON,1,0,PK3-PK4,AppleTree Early Learning PCS - Southwest,1,0,0,0101000020E610000077CC0234344153C07BA5215F2E714340
8C,Cluster 39,"Congress Heights, Bellevue, Washington Highlands",8C04,Ward 8,009803,FAR SOUTHEAST AND SOUTHWEST,0,1,9th-12th,Ballou High School,0,0,1,0101000020E610000021F81004104053C006159022716B4340
8C,Cluster 39,"Congress Heights, Bellevue, Washington Highlands",8C04,Ward 8,009803,FAR SOUTHEAST AND SOUTHWEST,0,1,Adult,Ballou STAY High School,0,0,1,0101000020E610000021F81004104053C006159022716B4340
1D,Cluster 2,"Columbia Heights, Mt. Pleasant, Pleasant Plains, Park View",1D03,Ward 1,002701,MID-CITY,0,1,PK3-5th,Bancroft Elementary School,1,0,0,0101000020E6100000161A2977984253C0288417FD97774340
7E,Cluster 33,"Capitol View, Marshall Heights, Benning Heights",7E01,Ward 7,007707,FAR NORTHEAST AND SOUTHEAST,0,1,9th-12th,Bard High School Early College DC,0,0,1,0101000020E610000051CD39F1013C53C0AFADD48D85704340
4C,Cluster 18,"Brightwood Park, Crestwood, Petworth",4C09,Ward 4,002202,ROCK CREEK EAST,0,1,PK3-5th,Barnard Elementary School,1,0,0,0101000020E6100000B3F70A4C234153C0FD7D51E05F794340
2C,Cluster 8,"Downtown, Chinatown, Penn Quarters, Mount Vernon Square, North Capitol Street",2C03,Ward 2,005800,CENTRAL WASHINGTON,1,0,5th-12th,BASIS DC PCS,0,0,0,0101000020E6100000181EC77E7C4153C0DF2A20A196724340
7B,Cluster 34,"Twining, Fairlawn, Randle Highlands, Penn Branch, Fort Davis Park, Fort Dupont",7B04,Ward 7,007604,FAR NORTHEAST AND SOUTHEAST,0,1,PK3-5th,Beers Elementary School,1,0,0,0101000020E6100000A3B049AA283D53C04BC67442A36E4340
1B,Cluster 2,"Columbia Heights, Mt. Pleasant, Pleasant Plains, Park View",1B11,Ward 1,003500,MID-CITY,0,1,9th-12th,Benjamin Banneker High School,0,0,1,0101000020E6100000FBC142E0884153C00385666540764340
8A,Cluster 34,"Twining, Fairlawn, Randle Highlands, Penn Branch, Fort Davis Park, Fort Dupont",8A01,Ward 8,007601,FAR NORTHEAST AND SOUTHEAST,0,1,PK3-5th,Boone Elementary School,1,0,0,0101000020E6100000A866B3FB5D3E53C0FABA184B976F4340
4C,Cluster 18,"Brightwood Park, Crestwood, Petworth",4C06,Ward 4,002502,ROCK CREEK EAST,1,0,PK3-1st,Breakthrough Montessori PCS - Petworth,1,0,0,0101000020E6100000B5646CA0D04153C0BDEEEFCC67784340
4B,Cluster 17,"Takoma, Brightwood, Manor Park",4B07,Ward 4,001702,ROCK CREEK EAST,1,0,PK3-1st,Breakthrough Montessori PCS - Takoma,1,0,0,0101000020E6100000AEC43C08EC4053C01EEFDA0F997C4340
6B,Cluster 26,"Capitol Hill, Lincoln Park",6B02,Ward 6,006500,CAPITOL HILL,0,1,PK3-5th,Brent Elementary School,1,0,0,0101000020E61000007FE594F4174053C001DBFF6841714340
5A,Cluster 19,"Lamont Riggs, Queens Chapel, Fort Totten, Pleasant Hill",5A07,Ward 5,009508,UPPER NORTHEAST,1,0,PK3-5th,Bridges PCS,1,0,0,0101000020E61000003315F7927A4053C07CB58BA4F7794340
4A,Cluster 18,"Brightwood Park, Crestwood, Petworth",4A06,Ward 4,002001,ROCK CREEK EAST,0,1,PK3-8th,Brightwood Education Campus,1,0,0,0101000020E6100000177FEFD7F64153C08A484C14F37A4340
1D,Cluster 2,"Columbia Heights, Mt. Pleasant, Pleasant Plains, Park View",1D03,Ward 1,002701,MID-CITY,1,0,PK3-PK4; Adult,Briya PCS [Bancroft/Mount Pleasant],1,0,0,0101000020E61000004CB61C77984253C0FF2D04FD97774340
5A,Cluster 19,"Lamont Riggs, Queens Chapel, Fort Totten, Pleasant Hill",5A07,Ward 5,009508,UPPER NORTHEAST,1,0,PK3-PK4; Adult,Briya PCS [Gallatin Street/Fort Totten],1,0,0,0101000020E61000003315F7927A4053C07CB58BA4F7794340
4C,Cluster 18,"Brightwood Park, Crestwood, Petworth",4C06,Ward 4,002502,ROCK CREEK EAST,1,0,PK3-PK4; Adult,Briya PCS [Georgia Avenue/Petworth],1,0,0,0101000020E6100000D48898709B4153C00125D59439784340
1C,Cluster 1,"Kalorama Heights, Adams Morgan, Lanier Heights",1C07,Ward 1,003800,MID-CITY,1,0,PK3-PK4; Adult,Briya PCS [Ontario Road/Adams Morgan],1,0,0,0101000020E6100000040089388C4253C0E7A891ADE2754340
5B,Cluster 20,"North Michigan Park, Michigan Park, University Heights",5B05,Ward 5,009504,UPPER NORTHEAST,0,1,6th-8th,Brookland Middle School,0,1,0,0101000020E610000072165D8E6D3F53C029CA183720784340
5D,Cluster 23,"Ivy City, Arboretum, Trinidad, Carver Langston",5D04,Ward 5,008904,UPPER NORTHEAST,0,1,PK3-8th,Browne Education Campus,1,0,0,0101000020E6100000738537721F3E53C02738BF9A88734340
1A,Cluster 2,"Columbia Heights, Mt. Pleasant, Pleasant Plains, Park View",1A08,Ward 1,003200,MID-CITY,0,1,PK3-5th,Bruce-Monroe Elementary School @ Park View,1,0,0,0101000020E61000002312B1245B4153C0233523209B774340
5B,Cluster 20,"North Michigan Park, Michigan Park, University Heights",5B02,Ward 5,009503,UPPER NORTHEAST,0,1,PK3-5th,Bunker Hill Elementary School,1,0,0,0101000020E6100000E3937E330A3F53C05956FD1C94784340
5B,Cluster 22,"Brookland, Brentwood, Langdon",5B02,Ward 5,009400,UPPER NORTHEAST,0,1,PK3-5th,Burroughs Elementary School,1,0,0,0101000020E6100000BD64FA109F3E53C0DCA679427D774340
7C,Cluster 31,"Deanwood, Burrville, Grant Park, Lincoln Heights, Fairmont Heights",7C06,Ward 7,007807,FAR NORTHEAST AND SOUTHEAST,0,1,PK3-5th,Burrville Elementary School,1,0,0,0101000020E6100000DB4344602A3B53C09E2CBCFB45734340
4B,Cluster 17,"Takoma, Brightwood, Manor Park",4B06,Ward 4,001902,ROCK CREEK EAST,1,0,9th-12th,Capital City PCS - High School,0,0,1,0101000020E610000054F19FDBD24053C0A4976E76287B4340
4B,Cluster 17,"Takoma, Brightwood, Manor Park",4B06,Ward 4,001902,ROCK CREEK EAST,1,0,PK3-4th,Capital City PCS - Lower School,1,0,0,0101000020E610000054F19FDBD24053C0A4976E76287B4340
4B,Cluster 17,"Takoma, Brightwood, Manor Park",4B06,Ward 4,001902,ROCK CREEK EAST,1,0,5th-8th,Capital City PCS - Middle School,0,0,0,0101000020E610000054F19FDBD24053C0A4976E76287B4340
5E,Cluster 21,"Edgewood, Bloomingdale, Truxton Circle, Eckington",5E02,Ward 5,009204,UPPER NORTHEAST,1,0,5th-8th,Capital Village PCS,0,0,0,0101000020E610000000BD4281BB3F53C0FD3A80253B764340
6C,Cluster 25,"Union Station, Stanton Park, Kingman Park",6C04,Ward 6,008301,CAPITOL HILL,0,1,PK3-8th,Capitol Hill Montessori,1,0,0,0101000020E6100000D47445062A4053C0ED620F4903734340
1B,Cluster 2,"Columbia Heights, Mt. Pleasant, Pleasant Plains, Park View",1B06,Ward 1,003600,MID-CITY,0,1,6th-12th,Cardozo Education Campus,0,1,0,0101000020E61000000E4BBC80D24153C023796DFE09764340
1B,Cluster 2,"Columbia Heights, Mt. Pleasant, Pleasant Plains, Park View",1B09,Ward 1,003600,MID-CITY,1,0,Adult,Carlos Rosario International PCS [Harvard Street],0,0,1,0101000020E610000021B1498AC34153C02DCE819C96764340
5E,Cluster 21,"Edgewood, Bloomingdale, Truxton Circle, Eckington",5E03,Ward 5,008702,UPPER NORTHEAST,1,0,Adult,Carlos Rosario International PCS [Sonia Gutierrez],0,0,1,0101000020E61000007249F893EC3F53C0AC5A43498B754340
8C,Cluster 37,"Sheridan, Barry Farm, Buena Vista",8C01,Ward 8,007401,LOWER ANACOSTIA WATERFRONT AND NEAR SOUTHWEST,1,0,PK3-1st,Cedar Tree Academy PCS,1,0,0,0101000020E6100000472BFDD4F23F53C0F355FFDF9E6E4340
4A,Cluster 17,"Takoma, Brightwood, Manor Park",4A06,Ward 4,001804,ROCK CREEK EAST,1,0,PK3-8th,Center City PCS - Brightwood,1,0,0,0101000020E6100000B5A1212CD04153C082C35D1E4A7B4340
6B,Cluster 26,"Capitol Hill, Lincoln Park",6B10,Ward 6,006801,CAPITOL HILL,1,0,PK3-8th,Center City PCS - Capitol Hill,1,0,0,0101000020E61000002AEBC87FEE3E53C07E6AED39DC714340
8C,Cluster 39,"Congress Heights, Bellevue, Washington Highlands",8C01,Ward 8,010400,FAR SOUTHEAST AND SOUTHWEST,1,0,PK3-8th,Center City PCS - Congress Heights,1,0,0,0101000020E6100000BA95B1DB484053C009DA325BB96B4340
4C,Cluster 18,"Brightwood Park, Crestwood, Petworth",4C07,Ward 4,002400,ROCK CREEK EAST,1,0,PK3-8th,Center City PCS - Petworth,1,0,0,0101000020E6100000B7958B92564153C0A29B9C03D1784340
6E,Cluster 7,"Shaw, Logan Circle",6E03,Ward 6,004902,NEAR NORTHWEST,1,0,PK4-8th,Center City PCS - Shaw,1,0,0,0101000020E610000007A6B563734153C0CD72DD6227744340
5D,Cluster 23,"Ivy City, Arboretum, Trinidad, Carver Langston",5D06,Ward 5,008802,UPPER NORTHEAST,1,0,PK3-8th,Center City PCS - Trinidad,1,0,0,0101000020E610000013BFD8E46F3F53C0B1E34316E1734340
7D,Cluster 30,"Mayfair, Hillbrook, Mahaning Heights",7D07,Ward 7,009602,FAR NORTHEAST AND SOUTHEAST,1,0,9th-12th,Cesar Chavez PCS for Public Policy - Parkside High School,0,0,1,0101000020E610000063711885BD3C53C0CB27D49062734340
7D,Cluster 30,"Mayfair, Hillbrook, Mahaning Heights",7D07,Ward 7,009602,FAR NORTHEAST AND SOUTHEAST,1,0,6th,Cesar Chavez PCS for Public Policy - Parkside Middle School,0,1,0,0101000020E610000063711885BD3C53C0CB27D49062734340
1B,Cluster 3,"Howard University, Le Droit Park, Cardozo/Shaw",1B01,Ward 1,004400,MID-CITY,0,1,PK3-5th,Cleveland Elementary School,1,0,0,0101000020E610000082C15C12744153C0B7FAA1B923754340
1A,Cluster 2,"Columbia Heights, Mt. Pleasant, Pleasant Plains, Park View",1A05,Ward 1,002802,MID-CITY,0,1,6th-12th,Columbia Heights Education Campus 6–8 (CHEC),0,1,0,0101000020E61000002B123C8A4B4253C017D53F91FB764340
1A,Cluster 2,"Columbia Heights, Mt. Pleasant, Pleasant Plains, Park View",1A05,Ward 1,002802,MID-CITY,0,1,6th-12th,Columbia Heights Education Campus 9–12 (CHEC),0,1,0,0101000020E61000002B123C8A4B4253C017D53F91FB764340
8B,Cluster 37,"Sheridan, Barry Farm, Buena Vista",8B04,Ward 8,007407,FAR SOUTHEAST AND SOUTHWEST,1,0,Adult,Community College Preparatory Academy PCS [DCIA],0,0,1,0101000020E6100000AE62A64B133F53C0B0C0F454AD6D4340
8A,Cluster 37,"Sheridan, Barry Farm, Buena Vista",8A06,Ward 8,007401,FAR SOUTHEAST AND SOUTHWEST,1,0,Adult,Community College Preparatory Academy PCS [Main],0,0,1,0101000020E610000060945949873F53C02F36BFE46E6E4340
8C,Cluster 39,"Congress Heights, Bellevue, Washington Highlands",8C07,Ward 8,009804,FAR SOUTHEAST AND SOUTHWEST,1,0,Adult,Community College Preparatory Academy PCS [MC Terrell],0,0,1,0101000020E6100000CAA07F619F3F53C0D2EA6825B76B4340
4B,Cluster 17,"Takoma, Brightwood, Manor Park",4B03,Ward 4,001902,ROCK CREEK EAST,0,1,9th-12th,Coolidge High School,0,0,1,0101000020E6100000A618B2CE404153C088448439D07B4340
5A,Cluster 21,"Edgewood, Bloomingdale, Truxton Circle, Eckington",5A05,Ward 5,002302,ROCK CREEK EAST,1,0,PK3-8th,Creative Minds International PCS,1,0,0,0101000020E6100000FBCBE4F8714053C0DFDB000EE1774340
7E,Cluster 33,"Capitol View, Marshall Heights, Benning Heights",7E06,Ward 7,009905,FAR NORTHEAST AND SOUTHEAST,0,1,PK3-5th,C.W. Harris Elementary School,1,0,0,0101000020E61000000F6F5F83453B53C02270BF021A714340
5A,Cluster 19,"Lamont Riggs, Queens Chapel, Fort Totten, Pleasant Hill",5A07,Ward 5,009508,UPPER NORTHEAST,1,0,PK3-5th,DC Bilingual PCS,1,0,0,0101000020E610000099D3C9CA6C4053C0D84E5A263B7A4340
8A,Cluster 28,Historic Anacostia,8A05,Ward 8,007503,FAR SOUTHEAST AND SOUTHWEST,1,0,PK3-2nd,DC Prep PCS - Anacostia Elementary,1,0,0,0101000020E61000000A53EEE4053F53C0528118F9AC6E4340
8C,Cluster 37,"Sheridan, Barry Farm, Buena Vista",8C06,Ward 8,007401,FAR SOUTHEAST AND SOUTHWEST,1,0,4th,DC Prep PCS - Anacostia Middle,1,0,0,0101000020E6100000427035EDB33F53C0328678ED0C6E4340
7F,Cluster 32,"River Terrace, Benning, Greenway, Dupont Park",7F01,Ward 7,009603,FAR NORTHEAST AND SOUTHEAST,1,0,PK3-3rd,DC Prep PCS - Benning Elementary,1,0,0,0101000020E6100000B2ED06FE773C53C0F648263F0D724340
7F,Cluster 32,"River Terrace, Benning, Greenway, Dupont Park",7F01,Ward 7,009603,FAR NORTHEAST AND SOUTHEAST,1,0,4th-8th,DC Prep PCS - Benning Middle,1,0,0,0101000020E6100000B2ED06FE773C53C0F648263F0D724340
5E,Cluster 21,"Edgewood, Bloomingdale, Truxton Circle, Eckington",5E02,Ward 5,009204,UPPER NORTHEAST,1,0,PK3-3rd,DC Prep PCS - Edgewood Elementary,1,0,0,0101000020E6100000D9E33129BA3F53C0CEE5F6F34E764340
5E,Cluster 21,"Edgewood, Bloomingdale, Truxton Circle, Eckington",5E02,Ward 5,009204,UPPER NORTHEAST,1,0,4th-8th,DC Prep PCS - Edgewood Middle,1,0,0,0101000020E6100000BBD856A6BE3F53C067FAE3175E764340
7E,Cluster 33,"Capitol View, Marshall Heights, Benning Heights",7E07,Ward 7,009903,FAR NORTHEAST AND SOUTHEAST,1,0,PK3-8th,DC Scholars PCS,1,0,0,0101000020E6100000610E19DFFD3A53C0471CB5B5DA714340
3E,Cluster 11,"Friendship Heights, American University Park, Tenleytown",3E04,Ward 3,001100,ROCK CREEK WEST,0,1,6th-8th,Deal Middle School,0,1,0,0101000020E6100000C1736419D04453C0E7ABD1C3F8794340
8C,Cluster 39,"Congress Heights, Bellevue, Washington Highlands",8C03,Ward 8,010400,FAR SOUTHEAST AND SOUTHWEST,1,0,PK3-8th,Democracy Prep Congress Heights PCS,1,0,0,0101000020E61000001266D19BE13F53C0971552F6F76B4340
6B,Cluster 26,"Capitol Hill, Lincoln Park",6B04,Ward 6,007100,CAPITOL HILL,1,0,6th-8th,Digital Pioneers Academy PCS,0,1,0,0101000020E6100000254D6EB0663F53C0F29D7CD9BA704340
4A,Cluster 40,Walter Reed,4A03,Ward 4,010300,ROCK CREEK EAST,1,0,6th-11th,District of Columbia International School,0,1,0,0101000020E61000002E7E5563304253C0845C5336897C4340
4C,Cluster 18,"Brightwood Park, Crestwood, Petworth",4C05,Ward 4,002501,ROCK CREEK EAST,0,1,PK3-5th,Dorothy I. Height Elementary School,1,0,0,0101000020E6100000E76CD06CF44153C0A661E101EC784340
7C,Cluster 31,"Deanwood, Burrville, Grant Park, Lincoln Heights, Fairmont Heights",7C06,Ward 7,007807,FAR NORTHEAST AND SOUTHEAST,0,1,PK3-5th,Drew Elementary School,1,0,0,0101000020E6100000FEF1F31EE03A53C02F8AC42CB0724340
2E,Cluster 4,"Georgetown, Burleith/Hillandale",2E01,Ward 2,000300,NEAR NORTHWEST,0,1,9th-12th,Duke Ellington School of the Arts,0,0,1,0101000020E610000083B0FCF47F4453C0B8F51E0EEC744340
5E,Cluster 21,"Edgewood, Bloomingdale, Truxton Circle, Eckington",5E05,Ward 5,004600,NEAR NORTHWEST,0,1,9th-12th,Dunbar High School,0,0,1,0101000020E61000005A2775F9CF4053C02D98E6592D744340
8C,Cluster 39,"Congress Heights, Bellevue, Washington Highlands",8C03,Ward 8,007304,FAR SOUTHEAST AND SOUTHWEST,1,0,PK3-3rd,Eagle Academy PCS - Congress Heights,1,0,0,0101000020E6100000B4A0B4F68D3F53C08A0F4C2E8E6B4340
2C,Cluster 45,"National Mall, Potomac River",2C03,Ward 2,006202,CENTRAL WASHINGTON,1,0,PK3-3rd,Eagle Academy PCS - Fairlawn,1,0,0,0101000020E6100000AF99999FA64053C0D69438F7E5714340
8E,Cluster 39,"Congress Heights, Bellevue, Washington Highlands",8E07,Ward 8,009700,FAR SOUTHEAST AND SOUTHWEST,1,0,PK3-3rd,Early Childhood Academy PCS,1,0,0,0101000020E6100000D68D0555703F53C0431475D1716A4340
8E,Cluster 39,"Congress Heights, Bellevue, Washington Highlands",8E07,Ward 8,009700,FAR SOUTHEAST AND SOUTHWEST,1,0,PK3-3rd,Early Childhood Academy PCS [Facility B],1,0,0,0101000020E61000007E8030B4553F53C0FDD358375E6A4340
4B,Cluster 17,"Takoma, Brightwood, Manor Park",4B03,Ward 4,001902,ROCK CREEK EAST,0,1,9th-12th,Early College Academy at Coolidge High School,0,0,1,0101000020E6100000A618B2CE404153C088448439D07B4340
6A,Cluster 26,"Capitol Hill, Lincoln Park",6A08,Ward 6,008002,CAPITOL HILL,0,1,9th-12th,Eastern High School,0,0,1,0101000020E6100000562E402FB33E53C04D3F6AF5F8714340
3C,Cluster 15,"Cleveland Park, Woodley Park, Massachusetts Avenue Heights, Woodland-Normanstone Terrace",3C09,Ward 3,000600,ROCK CREEK WEST,0,1,PK4-5th,Eaton Elementary School,1,0,0,0101000020E61000009EF67C73364453C0B0A057D863774340
4C,Cluster 18,"Brightwood Park, Crestwood, Petworth",4C07,Ward 4,002400,ROCK CREEK EAST,1,0,PK3-4th,E.L. Haynes PCS - Elementary School,1,0,0,0101000020E61000004F88B64E6F4153C059FC36BA09794340
4C,Cluster 18,"Brightwood Park, Crestwood, Petworth",4C07,Ward 4,002400,ROCK CREEK EAST,1,0,9th-12th,E.L. Haynes PCS - High School,0,0,1,0101000020E61000004F88B64E6F4153C059FC36BA09794340
1A,Cluster 2,"Columbia Heights, Mt. Pleasant, Pleasant Plains, Park View",1A08,Ward 1,003100,MID-CITY,1,0,5th-8th,E.L. Haynes PCS - Middle School,0,0,0,0101000020E6100000EC92983D8D4153C008FC5D1898774340
6A,Cluster 25,"Union Station, Stanton Park, Kingman Park",6A08,Ward 6,008002,CAPITOL HILL,0,1,6th-8th,Eliot-Hine Middle School,0,1,0,0101000020E610000053A5809CA73E53C0FC027C703B724340
5B,Cluster 20,"North Michigan Park, Michigan Park, University Heights",5B05,Ward 5,009504,UPPER NORTHEAST,1,0,PK3-5th,Elsie Whitlow Stokes Community Freedom PCS - Brookland,1,0,0,0101000020E6100000CA9FE5A05D3F53C024AA21FEAD774340
7C,Cluster 33,"Capitol View, Marshall Heights, Benning Heights",7C02,Ward 7,007808,FAR NORTHEAST AND SOUTHEAST,1,0,PK3-2nd,Elsie Whitlow Stokes Community Freedom PCS - East End,1,0,0,0101000020E61000007BEFA4B9EB3A53C0434B6850F5714340
8C,Cluster 37,"Sheridan, Barry Farm, Buena Vista",8C06,Ward 8,007401,FAR SOUTHEAST AND SOUTHWEST,0,1,PK3-8th,Excel Academy,1,0,0,0101000020E6100000DE1029EDB33F53C0D1369FED0C6E4340
2E,Cluster 4,"Georgetown, Burleith/Hillandale",2E01,Ward 2,000202,NEAR NORTHWEST,0,1,6th-8th,Fillmore Arts Center (West),0,1,0,0101000020E61000007BA52935644453C0A2B3EDA42F754340
5E,Cluster 21,"Edgewood, Bloomingdale, Truxton Circle, Eckington",5E05,Ward 5,004600,NEAR NORTHWEST,1,0,PK3-3rd,Friendship PCS - Armstrong Elementary,1,0,0,0101000020E61000006E189C9ED84053C0009799FC5C744340
5E,Cluster 21,"Edgewood, Bloomingdale, Truxton Circle, Eckington",5E05,Ward 5,004600,NEAR NORTHWEST,1,0,4th-8th,Friendship PCS - Armstrong Middle,1,0,0,0101000020E61000006E189C9ED84053C0009799FC5C744340
7D,Cluster 25,"Union Station, Stanton Park, Kingman Park",7D01,Ward 7,007903,CAPITOL HILL,1,0,PK3-3rd,Friendship PCS - Blow-Pierce Elementary,1,0,0,0101000020E6100000354EBDB47E3E53C01FEB5C06EC724340
7D,Cluster 25,"Union Station, Stanton Park, Kingman Park",7D01,Ward 7,007903,CAPITOL HILL,1,0,4th-8th,Friendship PCS - Blow-Pierce Middle,1,0,0,0101000020E6100000354EBDB47E3E53C01FEB5C06EC724340
6B,Cluster 26,"Capitol Hill, Lincoln Park",6B07,Ward 6,007100,CAPITOL HILL,1,0,PK3-3rd,Friendship PCS - Chamberlain Elementary,1,0,0,0101000020E6100000B5F967CE273F53C01F2176EE8F704340
6B,Cluster 26,"Capitol Hill, Lincoln Park",6B07,Ward 6,007100,CAPITOL HILL,1,0,4th-8th,Friendship PCS - Chamberlain Middle,1,0,0,0101000020E6100000B5F967CE273F53C01F2176EE8F704340
7F,Cluster 30,"Mayfair, Hillbrook, Mahaning Heights",7F01,Ward 7,007803,FAR NORTHEAST AND SOUTHEAST,1,0,9th-12th,Friendship PCS - Collegiate Academy,0,0,1,0101000020E6100000F3F2F9FA903C53C0D2BEF227E3724340
7F,Cluster 30,"Mayfair, Hillbrook, Mahaning Heights",7F01,Ward 7,007803,FAR NORTHEAST AND SOUTHEAST,1,0,9th-10th,Friendship PCS - Collegiate Online,0,0,1,0101000020E6100000F3F2F9FA903C53C0D2BEF227E3724340
4B,Cluster 19,"Lamont Riggs, Queens Chapel, Fort Totten, Pleasant Hill",4B07,Ward 4,001702,ROCK CREEK EAST,1,0,PK3-3rd,Friendship PCS - Ideal Elementary,1,0,0,0101000020E610000057C5F3C8A24053C099F020BD827B4340
4B,Cluster 19,"Lamont Riggs, Queens Chapel, Fort Totten, Pleasant Hill",4B07,Ward 4,001702,ROCK CREEK EAST,1,0,4th-8th,Friendship PCS - Ideal Middle,1,0,0,0101000020E610000057C5F3C8A24053C099F020BD827B4340
4A,Cluster 18,"Brightwood Park, Crestwood, Petworth",4A06,Ward 4,002001,ROCK CREEK EAST,1,0,K-8th,Friendship PCS - Online,0,0,0,0101000020E6100000E685ADB4054253C0FB420D91F27A4340
8C,Cluster 39,"Congress Heights, Bellevue, Washington Highlands",8C02,Ward 8,010400,FAR SOUTHEAST AND SOUTHWEST,1,0,PK3-3rd,Friendship PCS - Southeast Elementary Academy,1,0,0,0101000020E610000032D61E03CF3F53C07E47C7AC846C4340
8C,Cluster 39,"Congress Heights, Bellevue, Washington Highlands",8C02,Ward 8,010400,FAR SOUTHEAST AND SOUTHWEST,1,0,4th-8th,Friendship PCS - Southeast Middle Academy,1,0,0,0101000020E610000032D61E03CF3F53C07E47C7AC846C4340
8C,Cluster 39,"Congress Heights, Bellevue, Washington Highlands",8C02,Ward 8,010400,FAR SOUTHEAST AND SOUTHWEST,1,0,9th-12th,Friendship PCS - Technology Preparatory High School Academy,0,0,1,0101000020E6100000532D0B8CC13F53C07B0F9B4F956C4340
5C,Cluster 24,"Woodridge, Fort Lincoln, Gateway",5C02,Ward 5,011100,UPPER NORTHEAST,1,0,PK3-3rd,Friendship PCS - Woodridge Elementary,1,0,0,0101000020E610000032BDB950DC3D53C0C1AA9006FD764340
5C,Cluster 24,"Woodridge, Fort Lincoln, Gateway",5C02,Ward 5,011100,UPPER NORTHEAST,1,0,4th-8th,Friendship PCS - Woodridge Middle,1,0,0,0101000020E610000032BDB950DC3D53C0C1AA9006FD764340
8B,Cluster 36,"Woodland/Fort Stanton, Garfield Heights, Knox Hill",8B03,Ward 8,007408,FAR SOUTHEAST AND SOUTHWEST,0,1,PK3-5th,Garfield Elementary School,1,0,0,0101000020E6100000097BD6B3213E53C0BC79DED7056D4340
2F,Cluster 7,"Shaw, Logan Circle",2F01,Ward 2,005001,NEAR NORTHWEST,0,1,PK3-5th,Garrison Elementary School,1,0,0,0101000020E6100000214454D3D44153C071803AF6FA744340
2C,Cluster 8,"Downtown, Chinatown, Penn Quarters, Mount Vernon Square, North Capitol Street",2C01,Ward 2,005800,CENTRAL WASHINGTON,1,0,9th,Girls Global Academy PCS,0,0,1,0101000020E61000009063CB4E724153C0D35221C418734340
2A,Cluster 5,"West End, Foggy Bottom, GWU",2A08,Ward 2,010800,CENTRAL WASHINGTON,1,0,9th-12th,Goodwill Excel Center PCS,0,0,1,0101000020E6100000CA9C4DA9A24253C0DB022D25F5724340
2E,Cluster 4,"Georgetown, Burleith/Hillandale",2E01,Ward 2,000202,NEAR NORTHWEST,0,1,6th-8th,Hardy Middle School,0,1,0,0101000020E61000007BA52935644453C0A2B3EDA42F754340
5E,Cluster 21,"Edgewood, Bloomingdale, Truxton Circle, Eckington",5E04,Ward 5,008701,MID-CITY,1,0,KG-5th,Harmony DC PCS - School of Excellence,0,0,0,0101000020E6100000B51C9B5D6D4053C01A47E71140754340
8C,Cluster 39,"Congress Heights, Bellevue, Washington Highlands",8C07,Ward 8,009804,FAR SOUTHEAST AND SOUTHWEST,0,1,6th-8th,Hart Middle School,0,1,0,0101000020E6100000F51451D0D13F53C0E108093D3B6B4340
1C,Cluster 1,"Kalorama Heights, Adams Morgan, Lanier Heights",1C06,Ward 1,003800,MID-CITY,0,1,PK3-5th,H.D. Cooke Elementary School,1,0,0,0101000020E61000008486F9E87B4253C028D2EA0244764340
3F,Cluster 15,"Cleveland Park, Woodley Park, Massachusetts Avenue Heights, Woodland-Normanstone Terrace",3F01,Ward 3,000600,ROCK CREEK WEST,0,1,PK4-5th,Hearst Elementary School,1,0,0,0101000020E61000008696B2F39A4453C02A0619D869784340
8D,Cluster 39,"Congress Heights, Bellevue, Washington Highlands",8D02,Ward 8,009811,FAR SOUTHEAST AND SOUTHWEST,0,1,PK3-5th,Hendley Elementary School,1,0,0,0101000020E6100000D6B481AEF23F53C05FDF46741C6A4340
4B,Cluster 19,"Lamont Riggs, Queens Chapel, Fort Totten, Pleasant Hill",4B07,Ward 4,009505,ROCK CREEK EAST,1,0,PK3-5th,Hope Community PCS - Lamond,1,0,0,0101000020E610000057E3A00E8D4053C058C587ED9C7B4340
5E,Cluster 21,"Edgewood, Bloomingdale, Truxton Circle, Eckington",5E01,Ward 5,009201,UPPER NORTHEAST,1,0,PK3-8th,Hope Community PCS - Tolson,1,0,0,0101000020E6100000DECD88D4A73F53C0A9BD7291A6764340
7C,Cluster 31,"Deanwood, Burrville, Grant Park, Lincoln Heights, Fairmont Heights",7C07,Ward 7,007806,FAR NORTHEAST AND SOUTHEAST,0,1,PK3-5th,Houston Elementary School,1,0,0,0101000020E610000081B8924C843B53C0FCA5C2E4E4734340
1B,Cluster 3,"Howard University, Le Droit Park, Cardozo/Shaw",1B10,Ward 1,003400,MID-CITY,1,0,6th-8th,Howard University Middle School of Mathematics and Science PCS,0,1,0,0101000020E6100000E31ACD73394153C0BD4EADEA1F764340
2E,Cluster 4,"Georgetown, Burleith/Hillandale",2E03,Ward 2,000202,NEAR NORTHWEST,0,1,PK3-5th,Hyde-Addison Elementary School,1,0,0,0101000020E61000004C500A6D214453C09229563B3A744340
4B,Cluster 17,"Takoma, Brightwood, Manor Park",4B03,Ward 4,001902,ROCK CREEK EAST,0,1,6th-8th,Ida B. Wells Middle School,0,1,0,0101000020E6100000100A57B83B4153C042E23229C27B4340
7C,Cluster 31,"Deanwood, Burrville, Grant Park, Lincoln Heights, Fairmont Heights",7C07,Ward 7,007806,FAR NORTHEAST AND SOUTHEAST,1,0,9th-12th,IDEA PCS,0,0,1,0101000020E61000009646CD8AF93B53C022E0D180C8734340
7B,Cluster 35,"Fairfax Village, Naylor Gardens, Hillcrest, Summit Park",7B04,Ward 7,007604,FAR NORTHEAST AND SOUTHEAST,1,0,PK3-5th,I Dream PCS,1,0,0,0101000020E610000016F2010D5A3D53C0FD4A8FE8696E4340
8D,Cluster 39,"Congress Heights, Bellevue, Washington Highlands",8D07,Ward 8,009810,FAR SOUTHEAST AND SOUTHWEST,1,0,PK3-5th,Ingenuity Prep PCS,1,0,0,0101000020E6100000455CB49C324053C06E877AED75694340
5E,Cluster 21,"Edgewood, Bloomingdale, Truxton Circle, Eckington",5E10,Ward 5,009204,UPPER NORTHEAST,1,0,PK3-8th,Inspired Teaching Demonstration PCS,1,0,0,0101000020E6100000D0BC8E542D4053C03259DC943B764340
7F,Cluster 26,"Capitol Hill, Lincoln Park",7F07,Ward 7,006804,CAPITOL HILL,0,1,Alternative,Inspiring Youth Program,0,0,1,0101000020E61000005E0D7D077D3E53C057FC128214714340
3E,Cluster 11,"Friendship Heights, American University Park, Tenleytown",3E01,Ward 3,001001,ROCK CREEK WEST,0,1,PK4-5th,Janney Elementary School,1,0,0,0101000020E6100000BE6A910E2F4553C01FC69E9349794340
6D,Cluster 9,"Southwest Employment Area, Southwest/Waterfront, Fort McNair, Buzzard Point",6D01,Ward 6,010200,LOWER ANACOSTIA WATERFRONT AND NEAR SOUTHWEST,0,1,6th-8th,Jefferson Middle School Academy,0,1,0,0101000020E6100000DB25D467774153C0111ED5DA9F704340
8E,Cluster 38,"Douglas, Shipley Terrace",8E01,Ward 8,007404,FAR SOUTHEAST AND SOUTHWEST,0,1,6th-8th,Johnson Middle School,0,1,0,0101000020E6100000EDE2C709F53E53C0ABA407DAF86C4340
6C,Cluster 25,"Union Station, Stanton Park, Kingman Park",6C06,Ward 6,010600,CAPITOL HILL,0,1,PK3-5th,J.O. Wilson Elementary School,1,0,0,0101000020E6100000B88DD826C83F53C062FD81D18D734340
7C,Cluster 31,"Deanwood, Burrville, Grant Park, Lincoln Heights, Fairmont Heights",7C03,Ward 7,007804,FAR NORTHEAST AND SOUTHEAST,0,1,6th-8th,Kelly Miller Middle School,0,1,0,0101000020E610000005D17561AD3B53C0022EFD6658724340
8A,Cluster 28,Historic Anacostia,8A05,Ward 8,007503,FAR SOUTHEAST AND SOUTHWEST,0,1,PK3-5th,Ketcham Elementary School,1,0,0,0101000020E61000004CD2ACAFF33E53C0702626BBDA6E4340
3D,Cluster 13,"Spring Valley, Palisades, Wesley Heights, Foxhall Crescent, Foxhall Village, Georgetown Reservoir",3D05,Ward 3,000902,ROCK CREEK WEST,0,1,PK4-5th,Key Elementary School,1,0,0,0101000020E61000008776CC136F4653C0CAA4DAAFA1764340
7F,Cluster 32,"River Terrace, Benning, Greenway, Dupont Park",7F04,Ward 7,009901,FAR NORTHEAST AND SOUTHEAST,0,1,PK3-5th,Kimball Elementary School,1,0,0,0101000020E6100000FE483272423D53C06CA4CF5210714340
8C,Cluster 39,"Congress Heights, Bellevue, Washington Highlands",8C07,Ward 8,009804,FAR SOUTHEAST AND SOUTHWEST,0,1,PK3-5th,King Elementary School,1,0,0,0101000020E6100000BDEF4D2FE33F53C010FA146CD56B4340
6A,Cluster 25,"Union Station, Stanton Park, Kingman Park",6A05,Ward 6,008001,CAPITOL HILL,1,0,6th-12th,Kingsman Academy PCS,0,1,0,0101000020E6100000B5667D281E3F53C004162677AB724340
8C,Cluster 37,"Sheridan, Barry Farm, Buena Vista",8C06,Ward 8,007406,FAR SOUTHEAST AND SOUTHWEST,1,0,5th-8th,KIPP DC - AIM Academy PCS,0,0,0,0101000020E6100000FD46C33A3C3F53C05B9F470BA66D4340
7C,Cluster 31,"Deanwood, Burrville, Grant Park, Lincoln Heights, Fairmont Heights",7C02,Ward 7,007808,FAR NORTHEAST AND SOUTHEAST,1,0,PK3-KG,KIPP DC - Arts and Technology Academy PCS,1,0,0,0101000020E6100000C9EA436B2D3B53C0DEA06E9A2B724340
5D,Cluster 23,"Ivy City, Arboretum, Trinidad, Carver Langston",5D01,Ward 5,008803,UPPER NORTHEAST,1,0,9th-12th,KIPP DC - College Preparatory PCS,0,0,1,0101000020E6100000D4719AE3963F53C0202935F56D744340
5D,Cluster 23,"Ivy City, Arboretum, Trinidad, Carver Langston",5D02,Ward 5,008804,UPPER NORTHEAST,1,0,PK3-KG,KIPP DC - Connect Academy PCS,1,0,0,0101000020E61000004D6841F8CA3E53C0B63328033C744340
8C,Cluster 37,"Sheridan, Barry Farm, Buena Vista",8C06,Ward 8,007406,FAR SOUTHEAST AND SOUTHWEST,1,0,PK3-KG,KIPP DC - Discover Academy PCS,1,0,0,0101000020E6100000FD46C33A3C3F53C05B9F470BA66D4340
6E,Cluster 7,"Shaw, Logan Circle",6E02,Ward 6,004801,NEAR NORTHWEST,1,0,PK3-KG,KIPP DC - Grow Academy PCS,1,0,0,0101000020E61000003DDC38DF284153C07C82CD6677744340
8C,Cluster 37,"Sheridan, Barry Farm, Buena Vista",8C06,Ward 8,007406,FAR SOUTHEAST AND SOUTHWEST,1,0,1st-4th,KIPP DC - Heights Academy PCS,1,0,0,0101000020E6100000FD46C33A3C3F53C05B9F470BA66D4340
8C,Cluster 39,"Congress Heights, Bellevue, Washington Highlands",8C07,Ward 8,009804,FAR SOUTHEAST AND SOUTHWEST,1,0,4th-8th,KIPP DC - Honor Academy PCS,1,0,0,0101000020E6100000CAA07F619F3F53C0D2EA6825B76B4340
7F,Cluster 33,"Capitol View, Marshall Heights, Benning Heights",7F03,Ward 7,009907,FAR NORTHEAST AND SOUTHEAST,1,0,5th-8th,KIPP DC - KEY Academy PCS,0,0,0,0101000020E61000003E111D27CD3B53C00798ED2EFA704340
6E,Cluster 7,"Shaw, Logan Circle",6E02,Ward 6,004801,NEAR NORTHWEST,1,0,1st-4th,KIPP DC - Lead Academy PCS,1,0,0,0101000020E61000003DDC38DF284153C07C82CD6677744340
7F,Cluster 33,"Capitol View, Marshall Heights, Benning Heights",7F03,Ward 7,009907,FAR NORTHEAST AND SOUTHEAST,1,0,PK3-PK4,KIPP DC - LEAP Academy PCS,1,0,0,0101000020E61000003E111D27CD3B53C00798ED2EFA704340
5D,Cluster 23,"Ivy City, Arboretum, Trinidad, Carver Langston",5D02,Ward 5,008804,UPPER NORTHEAST,1,0,5th-8th,KIPP DC - Northeast Academy PCS,0,0,0,0101000020E61000004D6841F8CA3E53C0B63328033C744340
7F,Cluster 33,"Capitol View, Marshall Heights, Benning Heights",7F03,Ward 7,009907,FAR NORTHEAST AND SOUTHEAST,1,0,KG-4th,KIPP DC - Promise Academy PCS,0,0,0,0101000020E61000003E111D27CD3B53C00798ED2EFA704340
7C,Cluster 31,"Deanwood, Burrville, Grant Park, Lincoln Heights, Fairmont Heights",7C02,Ward 7,007808,FAR NORTHEAST AND SOUTHEAST,1,0,1st-4th,KIPP DC - Quest Academy PCS,1,0,0,0101000020E6100000C9EA436B2D3B53C0DEA06E9A2B724340
8C,Cluster 39,"Congress Heights, Bellevue, Washington Highlands",8C07,Ward 8,009804,FAR SOUTHEAST AND SOUTHWEST,1,0,9th-12th,KIPP DC - Somerset College Preparatory PCS,0,0,1,0101000020E6100000CAA07F619F3F53C0D2EA6825B76B4340
5D,Cluster 23,"Ivy City, Arboretum, Trinidad, Carver Langston",5D02,Ward 5,008804,UPPER NORTHEAST,1,0,1st-4th,KIPP DC - Spring Academy PCS,1,0,0,0101000020E61000004D6841F8CA3E53C0B63328033C744340
7C,Cluster 31,"Deanwood, Burrville, Grant Park, Lincoln Heights, Fairmont Heights",7C02,Ward 7,007808,FAR NORTHEAST AND SOUTHEAST,1,0,5th-8th,KIPP DC - Valor Academy PCS,0,0,0,0101000020E6100000C9EA436B2D3B53C0DEA06E9A2B724340
6E,Cluster 7,"Shaw, Logan Circle",6E02,Ward 6,004801,NEAR NORTHWEST,1,0,5th-8th,KIPP DC - WILL Academy PCS,0,0,0,0101000020E61000003DDC38DF284153C07C82CD6677744340
8A,Cluster 34,"Twining, Fairlawn, Randle Highlands, Penn Branch, Fort Davis Park, Fort Dupont",8A01,Ward 8,007601,FAR NORTHEAST AND SOUTHEAST,0,1,6th-8th,Kramer Middle School,0,1,0,0101000020E6100000198BEB29BB3E53C05BB4958E866F4340
3G,Cluster 10,"Hawthorne, Barnaby Woods, Chevy Chase",3G04,Ward 4,001500,ROCK CREEK WEST,0,1,PK4-5th,Lafayette Elementary School,1,0,0,0101000020E6100000364B02C25A4453C0EF7A40B2BA7B4340
5C,Cluster 22,"Brookland, Brentwood, Langdon",5C07,Ward 5,011100,UPPER NORTHEAST,0,1,PK3-5th,Langdon Elementary School,1,0,0,0101000020E61000009276D68B883E53C0CED24EF35C764340
5E,Cluster 21,"Edgewood, Bloomingdale, Truxton Circle, Eckington",5E04,Ward 5,008701,MID-CITY,0,1,PK3-5th,Langley Elementary School,1,0,0,0101000020E610000000BCA58B604053C08776544D24754340
4B,Cluster 19,"Lamont Riggs, Queens Chapel, Fort Totten, Pleasant Hill",4B09,Ward 4,009507,ROCK CREEK EAST,0,1,PK3-8th,LaSalle-Backus Education Campus,1,0,0,0101000020E61000008049E61CFE3F53C0277EA19CE07A4340
4C,Cluster 18,"Brightwood Park, Crestwood, Petworth",4C02,Ward 4,002002,ROCK CREEK EAST,1,0,PK3-5th,Latin American Montessori Bilingual PCS - Kingsbury,1,0,0,0101000020E610000083E34C222E4253C00EBE29C5B9794340
5B,Cluster 22,"Brookland, Brentwood, Langdon",5B02,Ward 5,009400,UPPER NORTHEAST,1,0,PK3-5th,Latin American Montessori Bilingual PCS - South Dakota Avenue,1,0,0,0101000020E61000004F5EA458A13E53C03DB50C31E9774340
1D,Cluster 2,"Columbia Heights, Mt. Pleasant, Pleasant Plains, Park View",1D04,Ward 1,002702,MID-CITY,1,0,Adult,LAYC Career Academy PCS,0,0,1,0101000020E61000004473F7215B4253C09F43E58535774340
8D,Cluster 44,Joint Base Anacostia-Bolling,8D04,Ward 8,009807,FAR SOUTHEAST AND SOUTHWEST,0,1,PK3-8th,Leckie Education Campus,1,0,0,0101000020E61000005A752142D34053C0E3349198026A4340
5E,Cluster 21,"Edgewood, Bloomingdale, Truxton Circle, Eckington",5E01,Ward 5,009201,UPPER NORTHEAST,1,0,PK3-5th,Lee Montessori PCS - Brookland,1,0,0,0101000020E61000006E02D66DED3F53C0F9665943CA764340
8A,Cluster 34,"Twining, Fairlawn, Randle Highlands, Penn Branch, Fort Davis Park, Fort Dupont",8A03,Ward 8,007601,FAR NORTHEAST AND SOUTHEAST,1,0,PK3-K,Lee Montessori PCS - East End,1,0,0,0101000020E6100000572AA7FA3E3E53C02B4FD9B7436F4340
6C,Cluster 25,"Union Station, Stanton Park, Kingman Park",6C05,Ward 6,008302,CAPITOL HILL,0,1,PK3-5th,Ludlow-Taylor Elementary School,1,0,0,0101000020E6100000A934FA91C63F53C0E2D7D44A0A734340
5B,Cluster 22,"Brookland, Brentwood, Langdon",5B04,Ward 5,009301,UPPER NORTHEAST,0,1,9th-12th,Luke C. Moore High School,0,0,1,0101000020E6100000710ADD25823F53C096C9B11355774340
4C,Cluster 18,"Brightwood Park, Crestwood, Petworth",4C05,Ward 4,002501,ROCK CREEK EAST,0,1,6th-7th,MacFarland Middle School,0,1,0,0101000020E61000002DA24620C74153C054798B68C8784340
8E,Cluster 38,"Douglas, Shipley Terrace",8E04,Ward 8,007304,FAR SOUTHEAST AND SOUTHWEST,0,1,PK3-5th,Malcolm X Elementary School @ Green,1,0,0,0101000020E6100000EA480F0AF03E53C08AC6B547BB6B4340
3D,Cluster 13,"Spring Valley, Palisades, Wesley Heights, Foxhall Crescent, Foxhall Village, Georgetown Reservoir",3D01,Ward 3,000801,ROCK CREEK WEST,0,1,PK4-5th,Mann Elementary School,1,0,0,0101000020E6100000C2ED68FB9E4553C03187762297774340
1C,Cluster 1,"Kalorama Heights, Adams Morgan, Lanier Heights",1C07,Ward 1,003800,MID-CITY,0,1,PK3-5th,Marie Reed Elementary School,1,0,0,0101000020E6100000052326C19C4253C06A01FF8AA5754340
4C,Cluster 18,"Brightwood Park, Crestwood, Petworth",4C02,Ward 4,002001,ROCK CREEK EAST,1,0,PK3-2nd,Mary McLeod Bethune Day Academy PCS - 16th Street,1,0,0,0101000020E6100000061967954C4253C0EC8ABFB65B7A4340
5B,Cluster 22,"Brookland, Brentwood, Langdon",5B03,Ward 5,009301,UPPER NORTHEAST,1,0,PK3-8th,Mary McLeod Bethune Day Academy PCS - Brookland,1,0,0,0101000020E61000002AB8D3D3283F53C070B54492FD764340
6A,Cluster 25,"Union Station, Stanton Park, Kingman Park",6A04,Ward 6,008002,CAPITOL HILL,0,1,PK3-5th,Maury Elementary School,1,0,0,0101000020E6100000465F41CA4B3F53C0503E26B636724340
7C,Cluster 33,"Capitol View, Marshall Heights, Benning Heights",7C02,Ward 7,007808,FAR NORTHEAST AND SOUTHEAST,1,0,9th-12th,Maya Angelou PCS - High School,0,0,1,0101000020E61000007BEFA4B9EB3A53C0434B6850F5714340
7C,Cluster 33,"Capitol View, Marshall Heights, Benning Heights",7C02,Ward 7,007808,FAR NORTHEAST AND SOUTHEAST,1,0,Adult,Maya Angelou PCS - Young Adult Learning Center,0,0,1,0101000020E61000007BEFA4B9EB3A53C0434B6850F5714340
5E,Cluster 21,"Edgewood, Bloomingdale, Truxton Circle, Eckington",5E04,Ward 5,008701,MID-CITY,0,1,6th-8th,McKinley Middle School,0,1,0,0101000020E6100000B920F106504053C047851CDC25754340
5E,Cluster 21,"Edgewood, Bloomingdale, Truxton Circle, Eckington",5E04,Ward 5,008701,MID-CITY,0,1,9th-12th,McKinley Technology High School,0,0,1,0101000020E61000000E294D94434053C0E38E5D2D26754340
1B,Cluster 3,"Howard University, Le Droit Park, Cardozo/Shaw",1B04,Ward 1,004400,MID-CITY,1,0,PK3-8th,Meridian Public Charter School - Elementary School,1,0,0,0101000020E61000004873BCCBEA4153C0A83649D399754340
1A,Cluster 2,"Columbia Heights, Mt. Pleasant, Pleasant Plains, Park View",1A10,Ward 1,003100,MID-CITY,1,0,7th-8th,Meridian Public Charter School - Middle School,0,1,0,0101000020E61000005B3E5DFCA74153C0BA7E0D94FD764340
6A,Cluster 25,"Union Station, Stanton Park, Kingman Park",6A06,Ward 6,007901,CAPITOL HILL,0,1,PK3-5th,Miner Elementary School,1,0,0,0101000020E6100000FDCD05F1E73E53C039E02676DD724340
6A,Cluster 25,"Union Station, Stanton Park, Kingman Park",6A07,Ward 6,007901,CAPITOL HILL,1,0,5th-8th,Monument Academy PCS,0,0,0,0101000020E61000003E086055903E53C0FE24DABDC7724340
8B,Cluster 37,"Sheridan, Barry Farm, Buena Vista",8B04,Ward 8,007407,FAR SOUTHEAST AND SOUTHWEST,0,1,PK3-5th,Moten Elementary School,1,0,0,0101000020E610000007EA0296E83E53C0D2A3A532A76D4340
5A,Cluster 20,"North Michigan Park, Michigan Park, University Heights",5A03,Ward 5,009504,UPPER NORTHEAST,1,0,PK3–1st,Mundo Verde Bilingual PCS - Calle Ocho Campus,1,0,0,0101000020E61000002803D372A63F53C04983B982B3784340
5E,Cluster 21,"Edgewood, Bloomingdale, Truxton Circle, Eckington",5E05,Ward 5,004600,NEAR NORTHWEST,1,0,PK3-5th,Mundo Verde Bilingual PCS - J.F. Cook Campus,1,0,0,0101000020E610000045A938F7A84053C06EBAE3A067744340
3F,Cluster 12,"North Cleveland Park, Forest Hills, Van Ness",3F06,Ward 3,001100,ROCK CREEK WEST,0,1,PK4-5th,Murch Elementary School,1,0,0,0101000020E610000082B430377C4453C0699F5EF8F9794340
7E,Cluster 33,"Capitol View, Marshall Heights, Benning Heights",7E05,Ward 7,009904,FAR NORTHEAST AND SOUTHEAST,0,1,PK3-5th,Nalle Elementary School,1,0,0,0101000020E610000058E6F034923B53C02764D93267714340
8D,Cluster 39,"Congress Heights, Bellevue, Washington Highlands",8D07,Ward 8,009810,FAR SOUTHEAST AND SOUTHWEST,1,0,9th-12th,National Collegiate Preparatory Public Charter High School,0,0,1,0101000020E6100000455CB49C324053C06E877AED75694340
5B,Cluster 22,"Brookland, Brentwood, Langdon",5B04,Ward 5,009302,UPPER NORTHEAST,0,1,PK3-5th,Noyes Elementary School,1,0,0,0101000020E610000042281A647A3F53C02AB0FA796C764340
1C,Cluster 1,"Kalorama Heights, Adams Morgan, Lanier Heights",1C01,Ward 1,004002,MID-CITY,0,1,4th-8th,Oyster-Adams Bilingual School (Adams),1,0,0,0101000020E61000001F6E451DD74253C09DB5A6A46A754340
3C,Cluster 15,"Cleveland Park, Woodley Park, Massachusetts Avenue Heights, Woodland-Normanstone Terrace",3C02,Ward 3,000501,ROCK CREEK WEST,0,1,PK4-3rd,Oyster-Adams Bilingual School (Oyster),1,0,0,0101000020E6100000A312F241A94353C05A33E3A138764340
8D,Cluster 39,"Congress Heights, Bellevue, Washington Highlands",8D06,Ward 8,009807,FAR SOUTHEAST AND SOUTHWEST,0,1,PK3-5th,Patterson Elementary School,1,0,0,0101000020E6100000D3DFF80C8B4053C00FF30647DA694340
4B,Cluster 17,"Takoma, Brightwood, Manor Park",4B04,Ward 4,001901,ROCK CREEK EAST,1,0,9th-12th,Paul PCS - International High School,0,0,1,0101000020E61000006DA0B519954153C0ED0E85440E7B4340
4B,Cluster 17,"Takoma, Brightwood, Manor Park",4B04,Ward 4,001901,ROCK CREEK EAST,1,0,6th-8th,Paul PCS - Middle School,0,1,0,0101000020E61000006DA0B519954153C0ED0E85440E7B4340
6B,Cluster 26,"Capitol Hill, Lincoln Park",6B06,Ward 6,006900,CAPITOL HILL,0,1,PK3-5th,Payne Elementary School,1,0,0,0101000020E6100000D259C4D3093F53C0C4970B8B4D714340
6C,Cluster 25,"Union Station, Stanton Park, Kingman Park",6C03,Ward 6,008200,CAPITOL HILL,0,1,PK3-KG,Peabody Elementary School,1,0,0,0101000020E6100000F988E1B5FD3F53C08800C5AB4A724340
5B,Cluster 22,"Brookland, Brentwood, Langdon",5B02,Ward 5,009400,UPPER NORTHEAST,1,0,PK3-8th,Perry Street Preparatory PCS,1,0,0,0101000020E61000004F5EA458A13E53C03DB50C31E9774340
5D,Cluster 23,"Ivy City, Arboretum, Trinidad, Carver Langston",5D04,Ward 5,008904,UPPER NORTHEAST,0,1,9th-12th,"Phelps Architecture, Construction, and Engineering High School",0,0,1,0101000020E610000009459D9B333E53C0B68807B874734340
7F,Cluster 33,"Capitol View, Marshall Heights, Benning Heights",7F03,Ward 7,009906,FAR NORTHEAST AND SOUTHEAST,0,1,PK3-5th,Plummer Elementary School,1,0,0,0101000020E6100000C5A737ED273C53C00473BD5491714340
4C,Cluster 18,"Brightwood Park, Crestwood, Petworth",4C05,Ward 4,002502,ROCK CREEK EAST,0,1,PK3-5th,Powell Elementary School,1,0,0,0101000020E61000000441E1AAFF4153C004C21C7184784340
7B,Cluster 34,"Twining, Fairlawn, Randle Highlands, Penn Branch, Fort Davis Park, Fort Dupont",7B04,Ward 7,007604,FAR NORTHEAST AND SOUTHEAST,0,1,PK3-5th,Randle Highlands Elementary School,1,0,0,0101000020E61000001C35E40CB83D53C0AA8AFD685F6F4340
4C,Cluster 18,"Brightwood Park, Crestwood, Petworth",4C06,Ward 4,002502,ROCK CREEK EAST,0,1,PK3-8th,Raymond Elementary School,1,0,0,0101000020E610000061522F1CB14153C0B62AF1E7C8774340
6D,Cluster 9,"Southwest Employment Area, Southwest/Waterfront, Fort McNair, Buzzard Point",6D01,Ward 6,010200,CENTRAL WASHINGTON,1,0,8th-12th,Richard Wright PCS for Journalism and Media Arts,0,1,0,0101000020E610000077CC0234344153C07BA5215F2E714340
7D,Cluster 32,"River Terrace, Benning, Greenway, Dupont Park",7D04,Ward 7,009604,FAR NORTHEAST AND SOUTHEAST,0,1,SPED,River Terrace Education Campus,0,0,0,0101000020E6100000D17876B35F3D53C04DE6548797724340
5A,Cluster 19,"Lamont Riggs, Queens Chapel, Fort Totten, Pleasant Hill",5A08,Ward 5,009508,UPPER NORTHEAST,1,0,PK3-2nd,Rocketship Fort Totten,1,0,0,0101000020E61000004FD2AF842A4053C06BE57A822A7A4340
7E,Cluster 32,"River Terrace, Benning, Greenway, Dupont Park",7E02,Ward 7,009902,FAR NORTHEAST AND SOUTHEAST,1,0,PK3-5th,Rocketship Legacy Prep PCS,1,0,0,0101000020E610000009FF16DC2C3C53C0757684F85C6F4340
8B,Cluster 36,"Woodland/Fort Stanton, Garfield Heights, Knox Hill",8B03,Ward 8,007408,FAR SOUTHEAST AND SOUTHWEST,1,0,PK3-4th,Rocketship Rise Academy PCS,1,0,0,0101000020E6100000ED71EA595F3E53C0DD5B6CF48A6D4340
7C,Cluster 31,"Deanwood, Burrville, Grant Park, Lincoln Heights, Fairmont Heights",7C07,Ward 7,007806,FAR NORTHEAST AND SOUTHEAST,0,1,9th-11th,Ron Brown College Preparatory High School,0,0,1,0101000020E6100000209A2B77B13B53C0CA61EC350A744340
4C,Cluster 18,"Brightwood Park, Crestwood, Petworth",4C05,Ward 4,002501,ROCK CREEK EAST,0,1,9th-12th,Roosevelt High School,0,0,1,0101000020E61000002FA3C772DE4153C09EDF0D89B5784340
4C,Cluster 18,"Brightwood Park, Crestwood, Petworth",4C05,Ward 4,002501,ROCK CREEK EAST,0,1,Adult,Roosevelt STAY High School ,0,0,1,0101000020E61000002FA3C772DE4153C09EDF0D89B5784340
4B,Cluster 17,"Takoma, Brightwood, Manor Park",4B08,Ward 4,002102,ROCK CREEK EAST,1,0,PK3-5th,Roots PCS,1,0,0,0101000020E6100000E3281FF3A84053C055D185C17A7A4340
2B,Cluster 6,"Dupont Circle, Connecticut Avenue/K Street",2B03,Ward 2,005301,NEAR NORTHWEST,0,1,PK3-5th,Ross Elementary School,1,0,0,0101000020E61000008F36ADDC894253C04AAF397AC9744340
8A,Cluster 37,"Sheridan, Barry Farm, Buena Vista",8A06,Ward 8,007401,FAR SOUTHEAST AND SOUTHWEST,0,1,PK3-5th,Savoy Elementary School,1,0,0,0101000020E610000011EAD63F973F53C04BAA8B2D726E4340
6A,Cluster 25,"Union Station, Stanton Park, Kingman Park",6A02,Ward 6,008402,CAPITOL HILL,0,1,PK3-5th,School-Within-School,1,0,0,0101000020E610000029410D59903F53C0803377A7E3724340
2B,Cluster 5,"West End, Foggy Bottom, GWU",2B06,Ward 2,005500,NEAR NORTHWEST,0,1,PK3-8th,School Without Walls @ Francis-Stevens,1,0,0,0101000020E6100000B5F6C343594353C0E0D4723428744340
2A,Cluster 5,"West End, Foggy Bottom, GWU",2A08,Ward 2,010800,NEAR NORTHWEST,0,1,9th-12th,School Without Walls High School,0,0,1,0101000020E6100000E70B4786154353C00F13B2F9F5724340
6E,Cluster 7,"Shaw, Logan Circle",6E01,Ward 6,004901,NEAR NORTHWEST,0,1,PK3-5th,Seaton Elementary School,1,0,0,0101000020E6100000F39131B6974153C09819D1658F744340
7F,Cluster 32,"River Terrace, Benning, Greenway, Dupont Park",7F02,Ward 7,007703,FAR NORTHEAST AND SOUTHEAST,1,0,9th-12th,SEED Public Charter School of Washington DC,0,0,1,0101000020E610000097463944903C53C08DC560BA8D714340
4B,Cluster 19,"Lamont Riggs, Queens Chapel, Fort Totten, Pleasant Hill",4B07,Ward 4,009505,ROCK CREEK EAST,1,0,PK3-5th,Sela PCS,1,0,0,0101000020E610000080C15EB3784053C0808CB87E607B4340
1B,Cluster 3,"Howard University, Le Droit Park, Cardozo/Shaw",1B02,Ward 1,004400,MID-CITY,0,1, ,Shaw Middle School,0,0,0,0101000020E61000000C3037E6A54153C01E48C85C72754340
4A,Cluster 16,"Colonial Village, Shepherd Park, North Portal Estates",4A02,Ward 4,001600,ROCK CREEK EAST,0,1,PK3-5th,Shepherd Elementary School,1,0,0,0101000020E610000056B0EA032D4253C08EE6A3B9077E4340
5B,Cluster 20,"North Michigan Park, Michigan Park, University Heights",5B05,Ward 5,009504,UPPER NORTHEAST,1,0,PK3-6th,Shining Stars Montessori Academy PCS,1,0,0,0101000020E6100000F36D026B4A3F53C0AC9DEF3E24784340
8C,Cluster 39,"Congress Heights, Bellevue, Washington Highlands",8C07,Ward 8,009804,FAR SOUTHEAST AND SOUTHWEST,0,1,PK3-5th,Simon Elementary School,1,0,0,0101000020E6100000BF33643B034053C04CE86EA7016B4340
7D,Cluster 30,"Mayfair, Hillbrook, Mahaning Heights",7D05,Ward 7,007803,FAR NORTHEAST AND SOUTHEAST,0,1,PK3-5th,Smothers Elementary School,1,0,0,0101000020E6100000FF8636E80F3C53C04B72103960724340
5A,Cluster 19,"Lamont Riggs, Queens Chapel, Fort Totten, Pleasant Hill",5A08,Ward 5,009508,UPPER NORTHEAST,1,0,5th,Social Justice PCS,0,0,0,0101000020E61000004FD2AF842A4053C06BE57A822A7A4340
7F,Cluster 32,"River Terrace, Benning, Greenway, Dupont Park",7F04,Ward 7,007703,FAR NORTHEAST AND SOUTHEAST,0,1,6th-8th,Sousa Middle School,0,1,0,0101000020E610000025D96B97003D53C0F1C23BB223714340
8B,Cluster 36,"Woodland/Fort Stanton, Garfield Heights, Knox Hill",8B02,Ward 8,007502,FAR SOUTHEAST AND SOUTHWEST,0,1,PK3-5th,Stanton Elementary School,1,0,0,0101000020E6100000A0FEE8C7FB3D53C04B5059DFFC6D4340
8D,Cluster 39,"Congress Heights, Bellevue, Washington Highlands",8D07,Ward 8,009810,FAR SOUTHEAST AND SOUTHWEST,1,0,4th-6th,Statesmen College Preparatory Academy for Boys PCS,1,0,0,0101000020E6100000455CB49C324053C06E877AED75694340
7F,Cluster 26,"Capitol Hill, Lincoln Park",7F07,Ward 7,006804,CAPITOL HILL,1,0,SPED,St. Coletta Special Education PCS,0,0,0,0101000020E6100000342E13E1813E53C0F58DB29090714340
2A,Cluster 6,"Dupont Circle, Connecticut Avenue/K Street",2A06,Ward 2,010700,NEAR NORTHWEST,0,1,PK3-PK4,Stevens Early Learning Center,1,0,0,0101000020E610000095675655FF4253C0C9DB7F139B734340
3B,Cluster 14,"Cathedral Heights, McLean Gardens, Glover Park",3B03,Ward 3,000702,ROCK CREEK WEST,0,1,PK4-5th,Stoddert Elementary School,1,0,0,0101000020E610000049B02D950F4553C09194409226764340
6C,Cluster 25,"Union Station, Stanton Park, Kingman Park",6C04,Ward 6,008301,CAPITOL HILL,0,1,6th-8th,Stuart-Hobson Middle School,0,1,0,0101000020E610000079D2E61B004053C021009D20BA724340
4B,Cluster 17,"Takoma, Brightwood, Manor Park",4B01,Ward 4,010300,ROCK CREEK EAST,0,1,PK3-8th,Takoma Education Campus,1,0,0,0101000020E61000007E746F82754153C0149C1B73CE7C4340
5C,Cluster 22,"Brookland, Brentwood, Langdon",5C02,Ward 5,011100,UPPER NORTHEAST,1,0,KG-8th,The Children's Guild DC Public Charter School,0,0,0,0101000020E6100000645EE336383E53C0D46A5CA6D9754340
1A,Cluster 2,"Columbia Heights, Mt. Pleasant, Pleasant Plains, Park View",1A05,Ward 1,002802,MID-CITY,1,0,Adult,The Family Place PCS,0,0,1,0101000020E61000001C8E33B54E4253C0701A413E49774340
1A,Cluster 2,"Columbia Heights, Mt. Pleasant, Pleasant Plains, Park View",1A03,Ward 1,002802,MID-CITY,1,0,Adult,The Next Step/ El Prόximo Paso PCS,0,0,1,0101000020E6100000310BEF424B4253C038EA8EBFD9764340
5B,Cluster 22,"Brookland, Brentwood, Langdon",5B02,Ward 5,009400,UPPER NORTHEAST,1,0,6th-7th,The Sojourner Truth PCS,0,1,0,0101000020E61000004F5EA458A13E53C03DB50C31E9774340
7D,Cluster 30,"Mayfair, Hillbrook, Mahaning Heights",7D07,Ward 7,009602,FAR NORTHEAST AND SOUTHEAST,0,1,PK3-5th,Thomas Elementary School,1,0,0,0101000020E61000006BF0116CEF3C53C04FF0875A5D734340
2F,Cluster 8,"Downtown, Chinatown, Penn Quarters, Mount Vernon Square, North Capitol Street",2F08,Ward 2,010100,CENTRAL WASHINGTON,0,1,PK3-5th,Thomson Elementary School,1,0,0,0101000020E6100000D256C4D5D14153C008822103A6734340
8A,Cluster 37,"Sheridan, Barry Farm, Buena Vista",8A06,Ward 8,007401,FAR SOUTHEAST AND SOUTHWEST,1,0,9th-12th,Thurgood Marshall Academy PCS,0,0,1,0101000020E61000006AF0C695983F53C038B7D3565F6E4340
4D,Cluster 18,"Brightwood Park, Crestwood, Petworth",4D04,Ward 4,002101,ROCK CREEK EAST,0,1,PK3-8th,Truesdell Elementary School,1,0,0,0101000020E6100000941C63CF9A4153C0251E02E41B7A4340
1A,Cluster 2,"Columbia Heights, Mt. Pleasant, Pleasant Plains, Park View",1A06,Ward 1,003000,MID-CITY,0,1,PK3-5th,Tubman Elementary School,1,0,0,0101000020E6100000E5A0B76FE24153C072CA1F39F0764340
8E,Cluster 38,"Douglas, Shipley Terrace",8E02,Ward 8,007404,FAR SOUTHEAST AND SOUTHWEST,0,1,PK3-5th,Turner Elementary School,1,0,0,0101000020E61000003643546FBD3E53C054D87F8E7F6C4340
6C,Cluster 25,"Union Station, Stanton Park, Kingman Park",6C06,Ward 6,010600,CENTRAL WASHINGTON,1,0,6th-8th,Two Rivers PCS at 4th Street,0,1,0,0101000020E610000085B511720F4053C05FA124D605744340
5D,Cluster 23,"Ivy City, Arboretum, Trinidad, Carver Langston",5D04,Ward 5,008904,UPPER NORTHEAST,1,0,PK3-8th,Two Rivers PCS at Young,1,0,0,0101000020E6100000C2337671283E53C08C923D6C58734340
6B,Cluster 26,"Capitol Hill, Lincoln Park",6B04,Ward 6,007000,CAPITOL HILL,0,1,PK3-5th,Tyler Elementary School,1,0,0,0101000020E61000004CF0D3A57D3F53C04AD5C89DC7704340
6D,Cluster 27,"Near Southeast, Navy Yard",6D07,Ward 6,007200,LOWER ANACOSTIA WATERFRONT AND NEAR SOUTHWEST,0,1,PK3-2nd,Van Ness Elementary School,1,0,0,0101000020E610000062F463A4F33F53C0934957193B704340
6E,Cluster 8,"Downtown, Chinatown, Penn Quarters, Mount Vernon Square, North Capitol Street",6E07,Ward 6,004701,CENTRAL WASHINGTON,0,1,PK3-8th,Walker-Jones Education Campus,1,0,0,0101000020E61000008C11EB08E44053C06AF184CFBC734340
6D,Cluster 9,"Southwest Employment Area, Southwest/Waterfront, Fort McNair, Buzzard Point",6D01,Ward 6,010200,CENTRAL WASHINGTON,1,0,6th-8th,Washington Global Public Charter School,0,1,0,0101000020E61000001F833B3B404153C05BA56D0A2B714340
4D,Cluster 18,"Brightwood Park, Crestwood, Petworth",4D02,Ward 4,002102,ROCK CREEK EAST,1,0,5th-8th,Washington Latin PCS - Middle School,0,0,0,0101000020E61000000B43CC72E24053C03B6D1347197A4340
4D,Cluster 18,"Brightwood Park, Crestwood, Petworth",4D02,Ward 4,002102,ROCK CREEK EAST,1,0,9th-12th,Washington Latin PCS - Upper School,0,0,1,0101000020E61000000B43CC72E24053C03B6D1347197A4340
5E,Cluster 21,"Edgewood, Bloomingdale, Truxton Circle, Eckington",5E01,Ward 5,009201,UPPER NORTHEAST,1,0,9th-11th,Washington Leadership Academy PCS,0,0,1,0101000020E610000019F5653EEA3F53C011637985C4764340
1B,Cluster 3,"Howard University, Le Droit Park, Cardozo/Shaw",1B11,Ward 1,003400,MID-CITY,0,1,Alternative,Washington Metropolitan High School,0,0,1,0101000020E61000002AFF6160FF4053C0621C06E6D0754340
5A,Cluster 19,"Lamont Riggs, Queens Chapel, Fort Totten, Pleasant Hill",5A06,Ward 5,009501,UPPER NORTHEAST,1,0,PK3-5th,Washington Yu Ying PCS,1,0,0,0101000020E61000000C1AAF5D3C4053C08A0A04A17A784340
6B,Cluster 26,"Capitol Hill, Lincoln Park",6B06,Ward 6,006900,CAPITOL HILL,0,1,1st-5th,Watkins Elementary School,1,0,0,0101000020E610000009F6EB245C3F53C07658EAB015714340
4C,Cluster 18,"Brightwood Park, Crestwood, Petworth",4C02,Ward 4,002002,ROCK CREEK EAST,0,1,PK3-8th,West Elementary School,1,0,0,0101000020E61000002673B478104253C0E749E8A6C6794340
5D,Cluster 23,"Ivy City, Arboretum, Trinidad, Carver Langston",5D06,Ward 5,008802,UPPER NORTHEAST,0,1,PK3-8th,Wheatley Education Campus,1,0,0,0101000020E610000007B340A2433F53C006BDE15FBA734340
4B,Cluster 17,"Takoma, Brightwood, Manor Park",4B03,Ward 4,001902,ROCK CREEK EAST,0,1,PK3-8th,Whittier Education Campus,1,0,0,0101000020E61000002D181E3E3B4153C03024AE74A17B4340
3E,Cluster 11,"Friendship Heights, American University Park, Tenleytown",3E01,Ward 3,001100,ROCK CREEK WEST,0,1,9th-12th,Wilson High School,0,0,1,0101000020E61000005E13794EFA4453C0765204F69E794340
7C,Cluster 31,"Deanwood, Burrville, Grant Park, Lincoln Heights, Fairmont Heights",7C06,Ward 7,007807,FAR NORTHEAST AND SOUTHEAST,0,1,9th-12th,Woodson High School,0,0,1,0101000020E6100000D273DC5C073B53C00AB9E908CA724340
1D,Cluster 2,"Columbia Heights, Mt. Pleasant, Pleasant Plains, Park View",1D04,Ward 1,002702,MID-CITY,1,0,Adult,Youthbuild PCS,0,0,1,0101000020E61000004473F7215B4253C09F43E58535774340
5D,Cluster 23,"Ivy City, Arboretum, Trinidad, Carver Langston",5D01,Ward 5,008803,UPPER NORTHEAST,0,1,Alternative,Youth Services Center,0,0,1,0101000020E6100000FECA0D07453F53C057680C3CC1744340
