,OBJECTID_left,SERVICECODE,SERVICECODEDESCRIPTION,SERVICETYPECODEDESCRIPTION,ORGANIZATIONACRONYM,SERVICECALLCOUNT,ADDDATE,RESOLUTIONDATE,SERVICEDUEDATE,SERVICEORDERDATE,INSPECTIONFLAG,INSPECTIONDATE,INSPECTORNAME,SERVICEORDERSTATUS,STATUS_CODE,SERVICEREQUESTID,PRIORITY,STREETADDRESS,XCOORD,YCOORD,LATITUDE,LONGITUDE,CITY,STATE,ZIPCODE,MARADDRESSREPOSITORYID,WARD,DETAILS,geometry,YEAR,index_right,OBJECTID_right,BLKGRP,BLOCK,GEOID,GEOID10,ALAND10,AWATER10,P0010001,P0010002,P0010003,P0010004,P0010005,P0010006,P0010007,P0010008,OP000001,OP000002,OP000003,OP000004,P0020002,P0020005,P0020006,P0020007,P0020008,P0020009,P0020010,OP00005,OP00006,OP00007,OP00008,P0030001,P0030003,P0030004,P0030005,P0030006,P0030007,P0030008,OP00009,OP00010,OP00011,OP00012,P0040002,P0040005,P0040006,P0040007,P0040008,P0040009,P0040010,OP000013,OP000014,OP000015,OP000016,H0010001,H0010002,H0010003,ACRES,Shape_Length,Shape_Area,SQMILES
108,34702,SPSTDAMA,Traffic Safety Investigation,Department of Transportation,DDOT,1,2020-01-28T10:47:56+00:00,2020-04-21T08:20:19+00:00,2020-08-03T11:47:56+00:00,2020-01-28T10:47:56+00:00,0,2020-04-21T08:20:18+00:00,,Closed,,20-00037514,Standard,900 - 999 BLOCK OF SOUTHERN AVENUE SE,401028.830654906,129297.364120743,38.831463967296,-76.98815082601759,WASHINGTON,DC,20032.0,801338.0,8,,POINT (-76.98815310117376 38.83147174188041),2020,,,,,,,,,,,,,,,,,,,,,,,,,,,,,,,,,,,,,,,,,,,,,,,,,,,,,,,,,,,,
183,52330,SPSTDAMA,Traffic Safety Investigation,Department of Transportation,DDOT,1,2020-02-13T10:05:19+00:00,2020-03-25T09:30:06+00:00,2020-08-19T11:05:19+00:00,2020-02-13T10:05:19+00:00,0,2020-03-25T09:30:05+00:00,,Closed,,20-00056321,Standard,BLADENSBURG ROAD NE AND EASTERN AVENUE NE,403662.84000134503,140319.56701826,38.9307492071236,-76.9577558629954,WASHINGTON,DC,20018.0,901614.0,5,,POINT (-76.95775813526654 38.93075700289752),2020,,,,,,,,,,,,,,,,,,,,,,,,,,,,,,,,,,,,,,,,,,,,,,,,,,,,,,,,,,,,
229,64325,SPSTDAMA,Traffic Safety Investigation,Department of Transportation,DDOT,1,2020-02-22T21:24:27+00:00,2020-04-22T08:45:23+00:00,2020-08-26T22:24:27+00:00,2020-02-22T21:24:27+00:00,0,2020-04-22T08:45:22+00:00,,Closed,,20-00067221,Standard,SOUTHERN AVENUE SE AND NAYLOR ROAD SE,403301.53001701605,131569.407010139,38.8519259527286,-76.96196495678019,WASHINGTON,DC,20020.0,908318.0,NULL,,POINT (-76.96196722574204 38.85193373251487),2020,,,,,,,,,,,,,,,,,,,,,,,,,,,,,,,,,,,,,,,,,,,,,,,,,,,,,,,,,,,,
372,118245,SPSTDAMA,Traffic Safety Investigation,Department of Transportation,DDOT,1,2020-04-02T10:22:53+00:00,1970-01-01T00:00:00+00:00,2020-10-07T10:22:53+00:00,2020-04-02T10:22:53+00:00,,1970-01-01T00:00:00+00:00,,In-Progress,,20-00117837,Standard,EASTERN AVENUE NW AND NORTH PORTAL DRIVE NW,396853.878395034,147148.982608599,38.992272311855004,-77.03631607324179,WASHINGTON,DC,20012.0,908002.0,4,,POINT (-77.03631837368384 38.99228011717391),2020,,,,,,,,,,,,,,,,,,,,,,,,,,,,,,,,,,,,,,,,,,,,,,,,,,,,,,,,,,,,
443,157432,SPSTDAMA,Traffic Safety Investigation,Department of Transportation,DDOT,1,2020-05-04T15:32:36+00:00,2020-06-15T09:50:12+00:00,2020-11-06T14:32:36+00:00,2020-05-04T15:32:36+00:00,0,2020-06-15T09:50:11+00:00,,Closed,,20-00156115,Standard,H STREET SE AND SOUTHERN AVENUE SE,406241.63059575,134500.431588866,38.878313875724295,-76.9280671393669,WASHINGTON,DC,20019.0,908266.0,7,,POINT (-76.92806939913007 38.87832166228955),2020,,,,,,,,,,,,,,,,,,,,,,,,,,,,,,,,,,,,,,,,,,,,,,,,,,,,,,,,,,,,
594,231576,SPSTDAMA,Traffic Safety Investigation,Department of Transportation,DDOT,1,2020-06-17T12:33:40+00:00,2020-07-20T13:20:12+00:00,2020-12-23T11:33:40+00:00,2020-06-17T12:33:40+00:00,0,2020-07-20T13:20:11+00:00,,Closed,,20-00210916,Standard,RHODE ISLAND AVENUE NE AND EASTERN AVENUE NE,403169.226752892,140813.668522725,38.9352021422513,-76.9634465034324,WASHINGTON,DC,20018.0,905467.0,5,,POINT (-76.96344877718957 38.93520993867043),2020,,,,,,,,,,,,,,,,,,,,,,,,,,,,,,,,,,,,,,,,,,,,,,,,,,,,,,,,,,,,
684,253132,SPSTDAMA,Traffic Safety Investigation,Department of Transportation,DDOT,1,2020-07-04T12:23:15+00:00,2020-07-22T14:05:05+00:00,2021-01-08T11:23:14+00:00,2020-07-04T12:23:15+00:00,0,2020-07-22T14:05:04+00:00,,Closed,,20-00231072,Standard,SOUTHERN AVENUE SE AND VALLEY TERRACE SE,402113.439999914,130380.787009036,38.841221997216294,-76.9756559146699,WASHINGTON,DC,20032.0,900780.0,8,,POINT (-76.9756581870473 38.84122977434176),2020,,,,,,,,,,,,,,,,,,,,,,,,,,,,,,,,,,,,,,,,,,,,,,,,,,,,,,,,,,,,
892,369053,SPSTDAMA,Traffic Safety Investigation,Department of Transportation,DDOT,1,2020-08-25T18:20:31+00:00,2020-10-05T10:30:39+00:00,2021-03-02T17:20:31+00:00,2020-08-25T18:20:31+00:00,0,2020-10-05T10:30:38+00:00,,Closed,,20-00295375,Standard,BLAIR ROAD NW AND GEORGIA AVENUE NW,397693.82517981,146305.27761581098,38.984674652909,-77.0266176239523,WASHINGTON,DC,20012.0,901065.0,4,,POINT (-77.02661992073043 38.98468245699686),2020,,,,,,,,,,,,,,,,,,,,,,,,,,,,,,,,,,,,,,,,,,,,,,,,,,,,,,,,,,,,
935,393063,SPSTDAMA,Traffic Safety Investigation,Department of Transportation,DDOT,1,2020-09-04T17:44:46+00:00,1970-01-01T00:00:00+00:00,2021-03-12T16:44:46+00:00,2020-09-04T17:44:46+00:00,,1970-01-01T00:00:00+00:00,,In-Progress,,20-00308451,Standard,5000 - 5099 BLOCK OF SOUTHERN AVENUE SE,406033.67507555196,134292.539741375,38.8764425560966,-76.9304655863728,WASHINGTON,DC,20019.0,807360.0,7,,POINT (-76.93046784653701 38.87645034172181),2020,,,,,,,,,,,,,,,,,,,,,,,,,,,,,,,,,,,,,,,,,,,,,,,,,,,,,,,,,,,,
1154,301976,SPSTDAMA,Traffic Safety Investigation,Department of Transportation,DDOT,1,2019-02-13T19:26:47+00:00,2019-02-15T13:58:40+00:00,2019-08-16T16:00:00+00:00,2019-02-13T19:26:47+00:00,N,1970-01-01T00:00:00+00:00,,CLOSED,CLOSED,19-00085733,STANDARD,5000 - 5099 BLOCK OF SOUTHERN AVENUE SE,406033.67507555196,134292.539738054,38.8764425560966,-76.9304655863728,WASHINGTON,DC,20019.0,807360.0,7,There are no specific details indicating what is being requested here. Citizen should contact Clearinghouse at 202-671-2700 or locate a Traffic Safety Investigation here- https%3a%2f%2fddot.dc.gov%2fsites%2fdefault%2ffiles%2fdc%2fsites%2fddot%2fservice_content%2fattachments%2fTraffic%2520Safety%2520Investigation%2520application%2520form_0.pdf and submit.,POINT (-76.93046784653701 38.87645034172181),2019,,,,,,,,,,,,,,,,,,,,,,,,,,,,,,,,,,,,,,,,,,,,,,,,,,,,,,,,,,,,
1201,316859,SPSTDAMA,Traffic Safety Investigation,Department of Transportation,DDOT,1,2019-02-13T19:18:42+00:00,2019-02-15T13:58:35+00:00,2019-08-16T16:00:00+00:00,2019-02-13T19:18:42+00:00,N,1970-01-01T00:00:00+00:00,,CLOSED,CLOSED,19-00085726,STANDARD,4700 - 4727 BLOCK OF SOUTHERN AVENUE SE,405901.81427543,134160.815417932,38.8752568264063,-76.93198633185179,WASHINGTON,DC,20019.0,801311.0,7,There are no specific details indicating what is being requested here. Citizen should contact Clearinghouse at 202-671-2700 or locate a Traffic Safety Investigation here- https%3a%2f%2fddot.dc.gov%2fsites%2fdefault%2ffiles%2fdc%2fsites%2fddot%2fservice_content%2fattachments%2fTraffic%2520Safety%2520Investigation%2520application%2520form_0.pdf and submit.,POINT (-76.93198859241596 38.87526461191692),2019,,,,,,,,,,,,,,,,,,,,,,,,,,,,,,,,,,,,,,,,,,,,,,,,,,,,,,,,,,,,
1235,324276,SPSTDAMA,Traffic Safety Investigation,Department of Transportation,DDOT,1,2019-02-05T21:33:05+00:00,2019-05-20T13:42:51+00:00,2019-08-08T17:00:00+00:00,2019-02-05T21:33:05+00:00,N,1970-01-01T00:00:00+00:00,,CLOSED,CLOSED,19-00070450,STANDARD,RHODE ISLAND AVENUE NE AND EASTERN AVENUE NE,403169.22675289,140813.63152011,38.9352021422513,-76.9634465034324,WASHINGTON,DC,20018.0,905467.0,5,This is a very old request with no response. If further assistance is needed%2c citizen may contact Clearinghouse at 202-671-2700. Closing.,POINT (-76.96344877736044 38.93520960536328),2019,,,,,,,,,,,,,,,,,,,,,,,,,,,,,,,,,,,,,,,,,,,,,,,,,,,,,,,,,,,,
1321,341826,SPSTDAMA,Traffic Safety Investigation,Department of Transportation,DDOT,1,2019-03-12T13:00:43+00:00,2019-03-15T16:38:24+00:00,2019-09-11T13:00:00+00:00,2019-03-12T13:00:43+00:00,N,1970-01-01T00:00:00+00:00,,CLOSED,CLOSED,19-00133788,STANDARD,,392569.55515906,143656.14089874,38.96078254127819,-77.08573266474849,,,20015.0,903051.0,3,This is a TRAFFIC SIGNAL issue. Please use the 311 portal to enter this request under that drop down category in order to have it routed to the correct division for investigation. Citizen may contact Clearinghouse at 202-671-2700 if further assistance is necessary.,POINT (-77.08573497783284 38.96079000517069),2019,,,,,,,,,,,,,,,,,,,,,,,,,,,,,,,,,,,,,,,,,,,,,,,,,,,,,,,,,,,,
1458,363786,SPSTDAMA,Traffic Safety Investigation,Department of Transportation,DDOT,1,2019-03-15T13:50:27+00:00,2019-03-19T16:18:48+00:00,2019-09-16T13:50:00+00:00,2019-03-15T13:50:27+00:00,N,1970-01-01T00:00:00+00:00,,CLOSED,CLOSED,19-00141627,STANDARD,,405949.08998747,138030.51001352,38.910116472206596,-76.9314080094362,,,20019.0,904549.0,7,Thank you for contacting the District Department of Transportation (DDOT) inquiring about a traffic enforcement services. Unfortunately%2c this agency is not responsible for this service.  The Metropolitan Police Department (MPD) is the responsible agency.  You can contact MPD at 202-727-9099.  %0a%0aInformation about automated traffic enforcement cameras is available online at https%3a%2f%2fmpdc.dc.gov%2fnode%2f208362.%0a%0aAgain%2c thank you for contacting DDOT.  If you have further questions or concerns%2c please contact us at (202) 673-6813.%0a,POINT (-76.93141027240063 38.91012393151084),2019,,,,,,,,,,,,,,,,,,,,,,,,,,,,,,,,,,,,,,,,,,,,,,,,,,,,,,,,,,,,
1531,379108,SPSTDAMA,Traffic Safety Investigation,Department of Transportation,DDOT,1,2019-03-27T18:03:09+00:00,2019-03-29T15:48:22+00:00,2019-09-26T17:00:00+00:00,2019-03-27T18:03:09+00:00,N,1970-01-01T00:00:00+00:00,,CLOSED,CLOSED,19-00165883,STANDARD,NEWTON STREET NE AND EASTERN AVENUE NE,403287.670017,140695.08,38.934133759362695,-76.9620809605803,WASHINGTON,DC,20018.0,908320.0,5,Since there is already signage at this location and motorists are choosing to ignore it%2c this then becomes a TRAFFIC ENFORCEMENT issue for which the Metropolitan Police Department (MPD) is the authoritative agency. For DDOT related issues%2c citizen may contact Clearinghouse at 202-671-2700.,POINT (-76.96208323476331 38.93414122249157),2019,,,,,,,,,,,,,,,,,,,,,,,,,,,,,,,,,,,,,,,,,,,,,,,,,,,,,,,,,,,,
1626,392994,SPSTDAMA,Traffic Safety Investigation,Department of Transportation,DDOT,1,2019-05-20T21:08:41+00:00,2019-08-29T14:57:21+00:00,2019-11-19T17:00:00+00:00,2019-05-20T21:08:41+00:00,0,2019-08-29T14:57:19+00:00,,Closed,,19-00270516,Standard,"BLAIR ROAD NW AND GEORGIA AVENUE NW,WASHINGTON,DC,USA",397693.82517981,146305.2406132,38.984674652909,-77.0266176239523,WASHINGTON,DC,20012.0,901065.0,4,,POINT (-77.0266199206059 38.98468212369298),2019,,,,,,,,,,,,,,,,,,,,,,,,,,,,,,,,,,,,,,,,,,,,,,,,,,,,,,,,,,,,
1754,417367,SPSTDAMA,Traffic Safety Investigation,Department of Transportation,DDOT,1,2019-04-18T11:28:37+00:00,2019-04-22T09:58:20+00:00,2019-10-18T11:28:00+00:00,2019-04-18T11:28:37+00:00,N,1970-01-01T00:00:00+00:00,,CLOSED,CLOSED,19-00208053,STANDARD,4314 - 4330 BLOCK OF SOUTHERN AVENUE SE,405425.431330988,133685.10360949,38.8709744930188,-76.9374800153247,WASHINGTON,DC,20019.0,806992.0,7,This is a traffic enforcement issue. Citizen should contact Metropolitan Police Department and Prince George%27s Police Department.,POINT (-76.9374822779799 38.87098227753719),2019,,,,,,,,,,,,,,,,,,,,,,,,,,,,,,,,,,,,,,,,,,,,,,,,,,,,,,,,,,,,
1764,419269,SPSTDAMA,Traffic Safety Investigation,Department of Transportation,DDOT,1,2019-05-09T16:10:26+00:00,2019-05-10T10:03:55+00:00,2019-11-08T17:10:00+00:00,2019-05-09T16:10:26+00:00,N,1970-01-01T00:00:00+00:00,,CLOSED,CLOSED,19-00249525,STANDARD,,403169.22675289,140813.63152011,38.9352021422513,-76.9634465034324,,,20018.0,905467.0,5,There are no details to indicate what is being requested here. Citizen may contact DDOT Clearinghouse at 202-671-2700 for further assistance.,POINT (-76.96344877736044 38.93520960536328),2019,,,,,,,,,,,,,,,,,,,,,,,,,,,,,,,,,,,,,,,,,,,,,,,,,,,,,,,,,,,,
1877,439914,SPSTDAMA,Traffic Safety Investigation,Department of Transportation,DDOT,1,2019-04-23T08:06:32+00:00,2019-04-30T12:23:34+00:00,2019-10-22T17:00:00+00:00,2019-04-23T08:06:32+00:00,N,1970-01-01T00:00:00+00:00,,CLOSED,CLOSED,19-00215785,STANDARD,,405739.84249928,134000.93484178,38.8738179642981,-76.93385426050939,,,20019.0,901509.0,7,Please enter these types of complaints as TRAFFIC SIGNAL ISSUES in 311 so that it can be routed to the correct division for resolution. Service Request 19-00230490 has been created for this complaint. Citizen may contact Clearinghouse at 202-671-2700 for if further assistance is needed.,POINT (-76.93385652215193 38.87382541592972),2019,,,,,,,,,,,,,,,,,,,,,,,,,,,,,,,,,,,,,,,,,,,,,,,,,,,,,,,,,,,,
1964,454678,SPSTDAMA,Traffic Safety Investigation,Department of Transportation,DDOT,1,2019-06-26T17:22:21+00:00,2019-06-28T16:03:16+00:00,2020-01-02T16:22:21+00:00,2019-06-26T17:22:21+00:00,0,2019-06-28T16:03:15+00:00,,Closed,,19-00746974,Standard,BLADENSBURG ROAD NE AND EASTERN AVENUE NE,403662.84000134503,140319.56701826,38.9307492071236,-76.9577558629954,WASHINGTON,DC,20018.0,,5,,POINT (-76.95775813526654 38.93075700289752),2019,,,,,,,,,,,,,,,,,,,,,,,,,,,,,,,,,,,,,,,,,,,,,,,,,,,,,,,,,,,,
1992,460893,SPSTDAMA,Traffic Safety Investigation,Department of Transportation,DDOT,1,2019-06-21T14:15:40+00:00,2019-08-29T15:01:10+00:00,2019-12-30T13:15:40+00:00,2019-06-21T14:15:40+00:00,0,2019-08-29T15:01:08+00:00,,Closed,,19-00738379,Standard,EASTERN AVENUE NE AND TUCKERMAN STREET NE,399599.29001357604,144385.797006028,38.9673864715463,-77.0046238299387,WASHINGTON,DC,20011.0,,4,,POINT (-77.00462611919392 38.96739427306388),2019,,,,,,,,,,,,,,,,,,,,,,,,,,,,,,,,,,,,,,,,,,,,,,,,,,,,,,,,,,,,
2068,481324,SPSTDAMA,Traffic Safety Investigation,Department of Transportation,DDOT,1,2019-07-25T10:09:47+00:00,2019-07-26T14:08:42+00:00,2020-01-30T09:09:47+00:00,2019-07-25T10:09:47+00:00,0,2019-07-26T14:08:41+00:00,,Closed,,19-00798979,Standard,EASTERN AVENUE NE AND TUCKERMAN STREET NE,399599.29001357604,144385.797006028,38.9673864715463,-77.0046238299387,WASHINGTON,DC,20011.0,,4,,POINT (-77.00462611919392 38.96739427306388),2019,,,,,,,,,,,,,,,,,,,,,,,,,,,,,,,,,,,,,,,,,,,,,,,,,,,,,,,,,,,,
2202,512731,SPSTDAMA,Traffic Safety Investigation,Department of Transportation,DDOT,1,2019-08-07T12:55:29+00:00,2019-12-24T11:15:15+00:00,2020-02-12T11:55:29+00:00,2019-08-07T12:55:29+00:00,0,2019-12-24T11:15:13+00:00,,Closed,,19-00823966,Standard,SOUTHERN AVENUE SE AND BARNABY ROAD SE,400170.29372611106,128446.212767245,38.8237969825626,-76.9980389159945,WASHINGTON,DC,20032.0,902805.0,8,,POINT (-76.99804119458305 38.82380475571243),2019,,,,,,,,,,,,,,,,,,,,,,,,,,,,,,,,,,,,,,,,,,,,,,,,,,,,,,,,,,,,
2266,542000,SPSTDAMA,Traffic Safety Investigation,Department of Transportation,DDOT,1,2019-08-19T15:51:26+00:00,2019-08-22T16:35:07+00:00,2020-02-24T14:51:26+00:00,2019-08-19T15:51:26+00:00,0,2019-08-22T16:35:06+00:00,,Closed,,19-00845880,Standard,EASTERN AVENUE NE AND TUCKERMAN STREET NE,399599.29001357604,144385.797006028,38.9673864715463,-77.0046238299387,WASHINGTON,DC,20011.0,904462.0,4,,POINT (-77.00462611919392 38.96739427306388),2019,,,,,,,,,,,,,,,,,,,,,,,,,,,,,,,,,,,,,,,,,,,,,,,,,,,,,,,,,,,,
2481,595215,SPSTDAMA,Traffic Safety Investigation,Department of Transportation,DDOT,1,2019-09-19T15:04:29+00:00,2019-09-20T12:30:19+00:00,2020-03-25T15:04:28+00:00,2019-09-19T15:04:29+00:00,0,2019-09-20T12:30:18+00:00,,Closed,,19-00906019,Standard,EASTERN AVENUE NE AND TUCKERMAN STREET NE,399599.29001357604,144385.797006028,38.9673864715463,-77.0046238299387,WASHINGTON,DC,20011.0,904462.0,4,,POINT (-77.00462611919392 38.96739427306388),2019,,,,,,,,,,,,,,,,,,,,,,,,,,,,,,,,,,,,,,,,,,,,,,,,,,,,,,,,,,,,
2628,627647,SPSTDAMA,Traffic Safety Investigation,Department of Transportation,DDOT,1,2019-10-12T14:12:18+00:00,2019-10-16T15:05:08+00:00,2020-04-16T14:12:18+00:00,2019-10-12T14:12:18+00:00,0,2019-10-16T15:05:06+00:00,,Closed,,19-00949791,Standard,CHEVY CHASE CIRCLE,393315.12,144413.0,38.96760651,-77.0771377,WASHINGTON,DC,20015.0,294221.0,3,,POINT (-77.07714001298555 38.96761397087371),2019,,,,,,,,,,,,,,,,,,,,,,,,,,,,,,,,,,,,,,,,,,,,,,,,,,,,,,,,,,,,
2806,668760,SPSTDAMA,Traffic Safety Investigation,Department of Transportation,DDOT,1,2019-11-17T15:31:24+00:00,2019-11-18T10:35:41+00:00,2020-05-19T16:31:24+00:00,2019-11-17T15:31:24+00:00,0,2019-11-18T10:35:38+00:00,,Closed,,19-00996364,Standard,63RD STREET NE AND EASTERN AVENUE NE,407736.31562113,136244.027814487,38.8940089662932,-76.9108217371049,WASHINGTON,DC,20019.0,903707.0,7,,POINT (-76.91082399274262 38.89401675643632),2019,,,,,,,,,,,,,,,,,,,,,,,,,,,,,,,,,,,,,,,,,,,,,,,,,,,,,,,,,,,,
3207,799132,SPSTDAMA,Traffic Safety Investigation,Department of Transportation,DDOT,1,2018-03-09T11:34:56+00:00,2018-03-09T15:08:21+00:00,2018-09-10T10:34:00+00:00,2018-03-09T11:34:56+00:00,N,1970-01-01T00:00:00+00:00,,CLOSED,CLOSED,18-00123549,STANDARD,CHEVY CHASE CIRCLE,393315.12,144413.0,38.96760651,-77.0771377,WASHINGTON,DC,20015.0,294221.0,3,There are no comments to determine request or best course of action. Citizen may contact Clearinghouse at 202-671-2700.,POINT (-77.07714001298555 38.96761397087371),2018,,,,,,,,,,,,,,,,,,,,,,,,,,,,,,,,,,,,,,,,,,,,,,,,,,,,,,,,,,,,
3262,811097,SPSTDAMA,Traffic Safety Investigation,Department of Transportation,DDOT,1,2018-03-02T18:20:51+00:00,2018-03-06T16:03:23+00:00,2018-09-03T16:00:00+00:00,2018-03-02T18:20:51+00:00,N,1970-01-01T00:00:00+00:00,,CLOSED,CLOSED,18-00110757,STANDARD,,396853.87839503,147148.94560599,38.9922723119,-77.0363160732,,,20012.0,900950.0,4,There are not comments. Citizen may contact Clearinghouse at 202-671-2700.,POINT (-77.03631837351391 38.99227978387054),2018,,,,,,,,,,,,,,,,,,,,,,,,,,,,,,,,,,,,,,,,,,,,,,,,,,,,,,,,,,,,
3984,999015,SPSTDAMA,Traffic Safety Investigation,Department of Transportation,DDOT,1,2018-09-27T15:27:55+00:00,2019-01-11T13:53:48+00:00,2019-04-04T15:27:00+00:00,2018-09-27T15:27:55+00:00,N,1970-01-01T00:00:00+00:00,,CLOSED,CLOSED,18-00539492,STANDARD,,405087.38998667,133347.80002518,38.8679382797,-76.94137793109999,,,20019.0,905366.0,7,There is not enough information to determine the best course of action. Citizen may contact the Clearinghouse at 202-671-2700 for further assistance.,POINT (-76.94138019452343 38.86794573005367),2018,,,,,,,,,,,,,,,,,,,,,,,,,,,,,,,,,,,,,,,,,,,,,,,,,,,,,,,,,,,,
4066,1010973,SPSTDAMA,Traffic Safety Investigation,Department of Transportation,DDOT,1,2018-12-05T09:55:50+00:00,2019-03-08T11:54:20+00:00,2019-06-10T08:55:00+00:00,2018-12-05T09:55:50+00:00,N,1970-01-01T00:00:00+00:00,,CLOSED,CLOSED,18-00682609,STANDARD,RHODE ISLAND AVENUE NE AND EASTERN AVENUE NE,403169.22675289,140813.63152011,38.9352021423,-76.96344650340001,WASHINGTON,DC,20018.0,905467.0,5,No response. Closing.,POINT (-76.96344877736044 38.93520960536328),2018,,,,,,,,,,,,,,,,,,,,,,,,,,,,,,,,,,,,,,,,,,,,,,,,,,,,,,,,,,,,
4095,1017578,SPSTDAMA,Traffic Safety Investigation,Department of Transportation,DDOT,1,2018-11-27T11:02:28+00:00,2020-09-23T09:40:05+00:00,2019-05-31T11:02:00+00:00,2018-11-27T11:02:28+00:00,0,2020-09-23T09:40:04+00:00,,Closed,,18-00665345,Standard,"CHEVY CHASE CIRCLE,WASHINGTON,DC,USA,20015",393315.12,144413.0,38.96760651,-77.0771377,WASHINGTON,DC,20015.0,294221.0,3,,POINT (-77.07714001298555 38.96761397087371),2018,,,,,,,,,,,,,,,,,,,,,,,,,,,,,,,,,,,,,,,,,,,,,,,,,,,,,,,,,,,,
4459,1886497,SPSTDAMA,Traffic Safety Investigation,Department of Transportation,DDOT,1,2017-02-07T16:41:44+00:00,2017-02-09T09:53:10+00:00,2017-05-04T15:41:00+00:00,2017-02-07T16:41:44+00:00,N,1970-01-01T00:00:00+00:00,,CLOSED,CLOSED,17-00059329,STANDARD,,403169.22675289,140813.63152011,38.9352021422513,-76.9634465034324,,,20018.0,,5,No viable contact information. Citizen may contact Clearinghouse at 202-671-2700 for further assistance.,POINT (-76.96344877736044 38.93520960536328),2017,,,,,,,,,,,,,,,,,,,,,,,,,,,,,,,,,,,,,,,,,,,,,,,,,,,,,,,,,,,,
4562,1915141,SPSTDAMA,Traffic Safety Investigation,Department of Transportation,DDOT,1,2017-03-07T17:09:37+00:00,2017-03-09T12:13:11+00:00,2017-06-01T16:00:00+00:00,2017-03-07T17:09:37+00:00,N,1970-01-01T00:00:00+00:00,,CLOSED,CLOSED,17-00113890,STANDARD,,402876.35001662304,141106.65700299,38.9378424771473,-76.96682328155619,,,20018.0,,5,There+is+not+enough+information+to+determine+best+course+of+action.++Citizen+may+contact+Clearinghouse+at+202-671-2700+for+further+assistance.+,POINT (-76.96682555726171 38.9378502741508),2017,,,,,,,,,,,,,,,,,,,,,,,,,,,,,,,,,,,,,,,,,,,,,,,,,,,,,,,,,,,,
4599,1925261,SPSTDAMA,Traffic Safety Investigation,Department of Transportation,DDOT,1,2017-03-13T11:13:10+00:00,2017-03-14T13:28:19+00:00,2017-06-07T11:13:00+00:00,2017-03-13T11:13:10+00:00,N,1970-01-01T00:00:00+00:00,,CLOSED,CLOSED,17-00122936,STANDARD,,407379.6113648,136598.37100419,38.89720441788909,-76.9149297386813,,,20019.0,903488.0,7,Not+enough+information+to+determine+best+course+of+action.++Citizen+may+contact+Clearinghouse+at+202-671-2700+for+further+assistance.++,POINT (-76.91493199554127 38.89721187528387),2017,,,,,,,,,,,,,,,,,,,,,,,,,,,,,,,,,,,,,,,,,,,,,,,,,,,,,,,,,,,,
4742,1964187,SPSTDAMA,Traffic Safety Investigation,Department of Transportation,DDOT,1,2017-05-10T09:45:51+00:00,2017-12-04T10:48:10+00:00,2017-08-04T09:45:00+00:00,2017-05-10T09:45:51+00:00,N,1970-01-01T00:00:00+00:00,,CLOSED,CLOSED,17-00242687,STANDARD,,405945.76000347,134204.85999397,38.8756536345906,-76.931479511526,,,20019.0,902300.0,7,No response from resident since last email was sent.,POINT (-76.93148177259938 38.87566108711185),2017,,,,,,,,,,,,,,,,,,,,,,,,,,,,,,,,,,,,,,,,,,,,,,,,,,,,,,,,,,,,
4748,1965325,SPSTDAMA,Traffic Safety Investigation,Department of Transportation,DDOT,1,2017-07-13T19:48:23+00:00,2017-07-17T08:58:25+00:00,2017-10-06T17:00:00+00:00,2017-07-13T19:48:23+00:00,N,1970-01-01T00:00:00+00:00,,CLOSED,CLOSED,17-00378180,STANDARD,WESTERN AVENUE NW AND RIVER ROAD NW,392091.15999061,143178.697004913,38.9564770942576,-77.0912468903355,WASHINGTON,DC,20016.0,905148.0,3,This+issue+is+currently+being+evaluated+by+DDOT.++,POINT (-77.09124920563752 38.95648489034995),2017,,,,,,,,,,,,,,,,,,,,,,,,,,,,,,,,,,,,,,,,,,,,,,,,,,,,,,,,,,,,
4775,1971871,SPSTDAMA,Traffic Safety Investigation,Department of Transportation,DDOT,1,2017-07-10T17:07:36+00:00,2017-07-11T13:58:14+00:00,2017-10-03T17:00:00+00:00,2017-07-10T17:07:36+00:00,N,1970-01-01T00:00:00+00:00,,CLOSED,CLOSED,17-00368672,STANDARD,,393288.19999172,144379.66000342,38.967305965277895,-77.07744800859489,,,20015.0,904704.0,3,This+is+a+Traffic+Enforcement+issue.++The+Metropolitan+Police+Department+(MPD)+for+this+area+should+be+contacted.++Closing.+,POINT (-77.07745031991536 38.96731343075152),2017,,,,,,,,,,,,,,,,,,,,,,,,,,,,,,,,,,,,,,,,,,,,,,,,,,,,,,,,,,,,
4957,2018830,SPSTDAMA,Traffic Safety Investigation,Department of Transportation,DDOT,1,2017-07-18T14:24:33+00:00,2017-07-20T12:33:19+00:00,2018-01-24T15:24:00+00:00,2017-07-18T14:24:33+00:00,N,1970-01-01T00:00:00+00:00,,CLOSED,CLOSED,17-00387852,STANDARD,EASTERN AVENUE NW AND NORTH CAPITOL STREET,399266.970013272,144718.837006346,38.9703863615499,-77.00845885751978,WASHINGTON,DC,20012.0,905477.0,4,This+is+one+of+numerous+requests+submitted+by+the+same+individual+with+no+specific+information.+Citizen+should+contact+Clearinghouse+at+202-671-2700+for+further+assistance.+,POINT (-77.00846114815018 38.97039416352543),2017,,,,,,,,,,,,,,,,,,,,,,,,,,,,,,,,,,,,,,,,,,,,,,,,,,,,,,,,,,,,
5067,2051363,SPSTDAMA,Traffic Safety Investigation,Department of Transportation,DDOT,1,2017-07-18T10:40:32+00:00,2017-07-19T16:38:11+00:00,2018-01-24T11:40:00+00:00,2017-07-18T10:40:32+00:00,N,1970-01-01T00:00:00+00:00,,CLOSED,CLOSED,17-00386434,STANDARD,,403169.22675289,140813.63152011,38.9352021422513,-76.9634465034324,,,20018.0,905467.0,5,There+is+no+information+provided.++Citizen+may+contact+Clearinghouse+at+202-671-2700+for+further+assistance.++Closing.+,POINT (-76.96344877736044 38.93520960536328),2017,,,,,,,,,,,,,,,,,,,,,,,,,,,,,,,,,,,,,,,,,,,,,,,,,,,,,,,,,,,,
5091,2057898,SPSTDAMA,Traffic Safety Investigation,Department of Transportation,DDOT,1,2017-10-17T18:42:03+00:00,2018-01-05T13:58:10+00:00,2018-04-24T16:00:00+00:00,2017-10-17T18:42:03+00:00,N,1970-01-01T00:00:00+00:00,,CLOSED,CLOSED,17-00587948,STANDARD,,400780.71001468,143204.61001833,38.956746118078,-76.99099265908329,,,20011.0,905822.0,5,This request requires a traffic calming application to start.  Please to to your DDOT Intranet website or GoDC.DC.Gov for the appropriate Traffic Calming Application once received we will process and send you our findings and recommendations.,POINT (-76.99099494349473 38.9567535845215),2017,,,,,,,,,,,,,,,,,,,,,,,,,,,,,,,,,,,,,,,,,,,,,,,,,,,,,,,,,,,,
5387,2124564,SPSTDAMA,Traffic Safety Investigation,Department of Transportation,DDOT,1,2017-11-11T11:05:11+00:00,2017-11-14T11:28:48+00:00,2018-05-17T16:00:00+00:00,2017-11-11T11:05:11+00:00,N,1970-01-01T00:00:00+00:00,,CLOSED,CLOSED,17-00636319,STANDARD,,403169.22675289,140813.63152011,38.9352021422513,-76.9634465034324,,,20018.0,905467.0,5,There is not information or comments provided regarding what is being requested.  Citizen may contact Clearinghouse at 202-671-2700 for further assistance.,POINT (-76.96344877736044 38.93520960536328),2017,,,,,,,,,,,,,,,,,,,,,,,,,,,,,,,,,,,,,,,,,,,,,,,,,,,,,,,,,,,,
5614,1720634,SPSTDAMA,Traffic Safety Investigation,Department of Transportation,DDOT,1,2016-10-12T14:31:49+00:00,2018-05-08T10:18:14+00:00,2017-01-09T15:31:00+00:00,2016-10-12T14:31:49+00:00,N,1970-01-01T00:00:00+00:00,,CLOSED,CLOSED,16-00746087,STANDARD,,397693.82517981,146305.2406132,38.984674652909,-77.0266176239523,,,20012.0,901065.0,4,Signal system is now operating according to design. For faster resolution for%2c twisted signals%2c bulbs-out%2c broken pedestrian signs and malfunctioning signals and  damaged traffic poles please call DDOT%e2%80%99s 24hr Traffic Management Center at 202 671-DDOT.  Thank You,POINT (-77.0266199206059 38.98468212369298),2016,,,,,,,,,,,,,,,,,,,,,,,,,,,,,,,,,,,,,,,,,,,,,,,,,,,,,,,,,,,,
5855,1897089,SPSTDAMA,Traffic Safety Investigation,Department of Transportation,DDOT,1,2015-11-19T10:03:00+00:00,2017-06-12T15:08:09+00:00,2015-11-19T10:03:00+00:00,2015-11-19T10:03:00+00:00,N,1970-01-01T00:00:00+00:00,,CLOSED,CLOSED,15-00319798,STANDARD,,400062.71001401,128338.99000453,38.8228314166602,-76.9992778480719,,,20032.0,,8,Per+Mr.+Leon-+Final+response+letter+sent+out+to+citizen+on+June+19%2c+2016,POINT (-76.99928012685147 38.82283885589585),2015,,,,,,,,,,,,,,,,,,,,,,,,,,,,,,,,,,,,,,,,,,,,,,,,,,,,,,,,,,,,
